frame,timestamp,track_id,class,class_id,confidence,bbox_x1,bbox_y1,bbox_x2,bbox_y2,center_x,center_y,width,height
0,0.0,1,car,2,0.794681191444397,0.4860963821411133,634.8831787109375,174.98660278320312,873.3348388671875,87.7363510131836,754.1090087890625,174.50050354003906,238.45166015625
0,0.0,2,car,2,0.5284290909767151,736.831298828125,527.5463256835938,1236.73291015625,920.4657592773438,986.7821044921875,724.0060424804688,499.901611328125,392.91943359375
0,0.0,3,car,2,0.5002388954162598,440.8136291503906,596.6260986328125,672.2022094726562,766.9072265625,556.5079345703125,681.7666625976562,231.38858032226562,170.2811279296875
0,0.0,4,car,2,0.32901516556739807,597.0609130859375,619.530517578125,720.0999755859375,722.56591796875,658.5804443359375,671.0482177734375,123.0390625,103.035400390625
1,0.048182612595892106,1,car,2,0.6994664072990417,4.033915042877197,629.2503051757812,181.98507690429688,872.1860961914062,93.0094985961914,750.7182006835938,177.95115661621094,242.935791015625
1,0.048182612595892106,2,car,2,0.5152612328529358,735.9725341796875,526.981201171875,1238.0731201171875,921.6966552734375,987.0228271484375,724.3389282226562,502.1005859375,394.7154541015625
2,0.09636522519178421,1,car,2,0.744495689868927,0.996492326259613,592.8123779296875,207.50234985351562,874.7760620117188,104.24942016601562,733.794189453125,206.505859375,281.96368408203125
2,0.09636522519178421,2,car,2,0.520188570022583,735.0598754882812,526.4306030273438,1237.4456787109375,921.4641723632812,986.2528076171875,723.9473876953125,502.38580322265625,395.0335693359375
2,0.09636522519178421,3,car,2,0.6104733943939209,441.6101989746094,598.48876953125,672.1844482421875,768.4367065429688,556.8973388671875,683.4627685546875,230.57424926757812,169.94793701171875
2,0.09636522519178421,4,car,2,0.3919631242752075,593.5210571289062,620.9840698242188,730.5712890625,736.1940307617188,662.046142578125,678.5890502929688,137.05023193359375,115.2099609375
3,0.14454783778767633,1,car,2,0.7644988298416138,4.772392272949219,579.7861328125,221.10308837890625,874.4729614257812,112.937744140625,727.1295166015625,216.3306884765625,294.68682861328125
3,0.14454783778767633,2,car,2,0.6522037386894226,736.78564453125,527.6637573242188,1236.4288330078125,920.666259765625,986.6072387695312,724.1650390625,499.6431884765625,393.00250244140625
3,0.14454783778767633,3,car,2,0.5652099251747131,469.91998291015625,597.9899291992188,693.5731811523438,761.3671264648438,581.74658203125,679.6785278320312,223.6531982421875,163.377197265625
4,0.19273045038356842,1,car,2,0.7512352466583252,6.071436405181885,576.2589111328125,225.13111877441406,873.8558959960938,115.60128021240234,725.057373046875,219.05967712402344,297.59698486328125
4,0.19273045038356842,2,car,2,0.6730577945709229,738.230712890625,528.204345703125,1235.1988525390625,919.154052734375,986.7147827148438,723.67919921875,496.9681396484375,390.94970703125
4,0.19273045038356842,3,car,2,0.536617636680603,476.9256591796875,597.7803955078125,701.1590576171875,760.0296020507812,589.0423583984375,678.905029296875,224.2333984375,162.24920654296875
5,0.24091306297946055,1,car,2,0.7874284982681274,10.867462158203125,572.1647338867188,233.64981079101562,872.8970336914062,122.25863647460938,722.5308837890625,222.7823486328125,300.7322998046875
5,0.24091306297946055,2,car,2,0.5980421304702759,734.830078125,527.4362182617188,1235.6798095703125,921.6021728515625,985.2549438476562,724.5191650390625,500.8497314453125,394.16595458984375
5,0.24091306297946055,3,car,2,0.588904857635498,478.21673583984375,595.617431640625,707.1348876953125,759.8182983398438,592.67578125,677.7178955078125,228.91815185546875,164.20086669921875
6,0.28909567557535265,1,car,2,0.8175733089447021,26.323505401611328,565.1065063476562,259.412841796875,874.1505126953125,142.86817932128906,719.6285400390625,233.08934020996094,309.04400634765625
6,0.28909567557535265,2,car,2,0.6877424716949463,732.56103515625,529.7012329101562,1232.4796142578125,923.2967529296875,982.5203247070312,726.4990234375,499.9185791015625,393.59552001953125
6,0.28909567557535265,3,car,2,0.6713125109672546,490.3758850097656,622.8649291992188,680.8389892578125,758.372314453125,585.607421875,690.61865234375,190.46310424804688,135.50738525390625
6,0.28909567557535265,4,car,2,0.48954474925994873,612.4412231445312,621.7152099609375,743.6918334960938,733.0807495117188,678.0665283203125,677.39794921875,131.2506103515625,111.36553955078125
7,0.3372782881712448,1,car,2,0.7937791347503662,31.37333869934082,563.1384887695312,285.93963623046875,894.8565673828125,158.656494140625,728.99755859375,254.56629943847656,331.71807861328125
7,0.3372782881712448,2,car,2,0.7476145029067993,739.859619140625,534.3963623046875,1227.76123046875,918.3480834960938,983.8104248046875,726.3721923828125,487.901611328125,383.95172119140625
7,0.3372782881712448,3,car,2,0.6791629195213318,500.6440734863281,639.208251953125,668.7353515625,757.0372314453125,584.689697265625,698.1227416992188,168.09127807617188,117.8289794921875
7,0.3372782881712448,4,car,2,0.42725130915641785,616.557373046875,621.7965698242188,748.1361083984375,734.7877807617188,682.3467407226562,678.2921752929688,131.5787353515625,112.9912109375
8,0.38546090076713685,1,car,2,0.7588698863983154,33.92545700073242,562.975341796875,300.9268798828125,904.330078125,167.42616271972656,733.6527099609375,267.0014343261719,341.354736328125
8,0.38546090076713685,2,car,2,0.6844362616539001,744.0303344726562,535.916015625,1224.9920654296875,914.0833740234375,984.51123046875,724.9996948242188,480.96173095703125,378.1673583984375
8,0.38546090076713685,3,car,2,0.6336392164230347,488.40789794921875,609.2718505859375,694.9190063476562,754.74169921875,591.6634521484375,682.0067749023438,206.5111083984375,145.4698486328125
9,0.433643513363029,1,car,2,0.9149271845817566,52.55790710449219,564.1688842773438,323.0106201171875,896.75048828125,187.78427124023438,730.459716796875,270.45269775390625,332.58160400390625
9,0.433643513363029,2,car,2,0.8033005595207214,745.6015014648438,536.0214233398438,1220.6800537109375,909.2221069335938,983.1407470703125,722.6217651367188,475.07855224609375,373.20068359375
9,0.433643513363029,3,car,2,0.6404502987861633,513.3767700195312,628.1724853515625,690.7787475585938,751.3577270507812,602.0777587890625,689.76513671875,177.4019775390625,123.18524169921875
10,0.4818261259589211,1,car,2,0.9147884249687195,56.871212005615234,565.055908203125,333.8977355957031,893.5484619140625,195.3844757080078,729.3021850585938,277.0265197753906,328.4925537109375
10,0.4818261259589211,2,car,2,0.7935142517089844,744.7803344726562,535.7857055664062,1220.4449462890625,909.3253173828125,982.6126708984375,722.5555419921875,475.66461181640625,373.53961181640625
10,0.4818261259589211,3,car,2,0.6208997964859009,523.0485229492188,635.8200073242188,689.435302734375,749.7913818359375,606.241943359375,692.8056640625,166.38677978515625,113.97137451171875
11,0.5300087385548132,1,car,2,0.9252066612243652,58.84852600097656,564.8990478515625,341.69158935546875,887.9694213867188,200.27005004882812,726.4342041015625,282.84307861328125,323.07037353515625
11,0.5300087385548132,2,car,2,0.7879074811935425,744.0982055664062,536.1261596679688,1221.1553955078125,910.9114379882812,982.6268310546875,723.518798828125,477.05718994140625,374.7852783203125
11,0.5300087385548132,3,car,2,0.5357896685600281,514.5419921875,614.7384643554688,707.8287963867188,747.9747314453125,611.1854248046875,681.3565673828125,193.28680419921875,133.23626708984375
11,0.5300087385548132,4,car,2,0.3421068787574768,630.2137451171875,609.8271484375,766.2614135742188,730.0901489257812,698.237548828125,669.9586181640625,136.04766845703125,120.26300048828125
12,0.5781913511507053,1,car,2,0.9231212735176086,56.3772087097168,565.043212890625,346.8481750488281,885.667236328125,201.61268615722656,725.355224609375,290.4709777832031,320.6240234375
12,0.5781913511507053,2,car,2,0.7891834378242493,743.3268432617188,536.1227416992188,1222.154052734375,912.5628662109375,982.740478515625,724.3427734375,478.82720947265625,376.44012451171875
12,0.5781913511507053,3,car,2,0.5707755088806152,510.69915771484375,605.5835571289062,714.64599609375,747.3857421875,612.672607421875,676.484619140625,203.94683837890625,141.80218505859375
12,0.5781913511507053,4,car,2,0.35964435338974,633.0206909179688,608.4304809570312,766.467041015625,729.5753173828125,699.743896484375,669.0029296875,133.44635009765625,121.14483642578125
13,0.6263739637465974,1,car,2,0.9225531816482544,52.40378952026367,565.2733764648438,351.1047668457031,884.8770751953125,201.7542724609375,725.0751953125,298.70098876953125,319.60369873046875
13,0.6263739637465974,2,car,2,0.7970712780952454,743.1817626953125,536.1406860351562,1222.1724853515625,912.9028930664062,982.6771240234375,724.5217895507812,478.99072265625,376.76220703125
13,0.6263739637465974,3,car,2,0.5728133320808411,509.6367492675781,602.368408203125,716.467529296875,747.3010864257812,613.0521240234375,674.834716796875,206.83078002929688,144.93267822265625
13,0.6263739637465974,4,car,2,0.34983354806900024,634.6084594726562,607.336181640625,765.8279418945312,729.4916381835938,700.2182006835938,668.4139404296875,131.219482421875,122.15545654296875
14,0.6745565763424896,1,car,2,0.8670802712440491,51.152305603027344,566.947998046875,355.8065185546875,882.69384765625,203.4794158935547,724.8209228515625,304.6542053222656,315.745849609375
14,0.6745565763424896,2,car,2,0.7567455768585205,737.035400390625,537.539306640625,1229.9764404296875,927.1815795898438,983.5059204101562,732.3604736328125,492.9410400390625,389.64227294921875
14,0.6745565763424896,3,car,2,0.6539770364761353,522.5643310546875,596.46240234375,736.4691162109375,745.3687133789062,629.5167236328125,670.91552734375,213.90478515625,148.90631103515625
15,0.7227391889383816,1,car,2,0.8787064552307129,48.045658111572266,567.6851196289062,360.1582946777344,881.95654296875,204.1019744873047,724.82080078125,312.1126403808594,314.27142333984375
15,0.7227391889383816,2,car,2,0.7810840010643005,737.87548828125,538.0028076171875,1229.6019287109375,927.9186401367188,983.7387084960938,732.960693359375,491.7264404296875,389.91583251953125
15,0.7227391889383816,3,car,2,0.618395209312439,527.2671508789062,594.1273193359375,744.7681884765625,744.6494750976562,636.0177001953125,669.388427734375,217.50103759765625,150.52215576171875
15,0.7227391889383816,7,car,2,0.37986937165260315,717.8971557617188,555.301025390625,824.21875,658.9419555664062,771.0579833984375,607.1214599609375,106.32159423828125,103.64093017578125
16,0.7709218015342737,1,car,2,0.9024351835250854,48.218082427978516,566.8184814453125,369.24017333984375,880.46240234375,208.7291259765625,723.6404418945312,321.0220947265625,313.6439208984375
16,0.7709218015342737,2,car,2,0.7724344730377197,722.5234985351562,538.2576293945312,1245.064208984375,957.52880859375,983.7938232421875,747.8931884765625,522.5407104492188,419.27117919921875
16,0.7709218015342737,3,car,2,0.7445878982543945,530.4459228515625,593.5493774414062,748.0623168945312,743.5896606445312,639.254150390625,668.5695190429688,217.61639404296875,150.040283203125
17,0.8191044141301659,1,car,2,0.903517484664917,45.53964614868164,566.6085205078125,374.9291076660156,879.8477172851562,210.234375,723.2281494140625,329.38946533203125,313.23919677734375
17,0.8191044141301659,2,car,2,0.7764812707901001,717.9209594726562,538.437744140625,1249.5811767578125,969.9014282226562,983.7510986328125,754.1695556640625,531.6602172851562,431.46368408203125
17,0.8191044141301659,3,car,2,0.7257883548736572,531.0745849609375,594.1351928710938,748.1864013671875,743.3164672851562,639.6304931640625,668.725830078125,217.11181640625,149.1812744140625
18,0.867287026726058,1,car,2,0.9024624824523926,41.78054428100586,566.68359375,379.0155334472656,879.7821044921875,210.39804077148438,723.2328491210938,337.2349853515625,313.0985107421875
18,0.867287026726058,2,car,2,0.7751375436782837,716.494140625,538.2310791015625,1250.6646728515625,976.5811157226562,983.5794067382812,757.4061279296875,534.1705322265625,438.35003662109375
18,0.867287026726058,3,car,2,0.7252265810966492,531.2778930664062,593.6605224609375,749.23583984375,742.9382934570312,640.2568359375,668.2994384765625,217.95794677734375,149.27777099609375
19,0.91546963932195,1,car,2,0.8712355494499207,44.257110595703125,567.5844116210938,384.33526611328125,874.6327514648438,214.2961883544922,721.1085815429688,340.0781555175781,307.04833984375
19,0.91546963932195,2,car,2,0.8256385922431946,738.8645629882812,537.5936279296875,1228.466796875,938.4501953125,983.6656494140625,738.0219116210938,489.60223388671875,400.8565673828125
19,0.91546963932195,3,car,2,0.7259798049926758,533.588134765625,594.276123046875,749.0557861328125,741.7684326171875,641.3219604492188,668.0222778320312,215.4676513671875,147.4923095703125
20,0.9636522519178422,1,car,2,0.8732401728630066,43.21046829223633,568.3809204101562,387.7148132324219,871.5296020507812,215.462646484375,719.9552612304688,344.50433349609375,303.148681640625
20,0.9636522519178422,2,car,2,0.8273684978485107,747.9547119140625,537.41796875,1219.347900390625,922.4851684570312,983.6513061523438,729.9515380859375,471.3931884765625,385.06719970703125
20,0.9636522519178422,3,car,2,0.7177504301071167,534.1307983398438,594.6228637695312,748.3558959960938,741.2286376953125,641.2433471679688,667.92578125,214.22509765625,146.60577392578125
21,1.0118348645137343,1,car,2,0.8725320100784302,39.8380012512207,568.451416015625,392.1768798828125,871.7147216796875,216.0074462890625,720.0830688476562,352.3388671875,303.2633056640625
21,1.0118348645137343,2,car,2,0.8290269374847412,747.2662353515625,537.5601806640625,1220.157470703125,924.04345703125,983.7118530273438,730.8018188476562,472.8912353515625,386.4832763671875
21,1.0118348645137343,3,car,2,0.730673611164093,534.6736450195312,594.6798095703125,748.90087890625,741.1156616210938,641.7872314453125,667.897705078125,214.22723388671875,146.43585205078125
22,1.0600174771096265,1,car,2,0.8733625411987305,36.224205017089844,568.4500122070312,395.84490966796875,871.9768676757812,216.03456115722656,720.2134399414062,359.6206970214844,303.52685546875
22,1.0600174771096265,2,car,2,0.83207768201828,747.11279296875,537.3324584960938,1220.3834228515625,924.3114013671875,983.7481079101562,730.8218994140625,473.2706298828125,386.97894287109375
22,1.0600174771096265,3,car,2,0.7496005892753601,534.8732299804688,594.5928344726562,749.4196166992188,741.0547485351562,642.1464233398438,667.8237915039062,214.54638671875,146.4619140625
23,1.1082000897055184,1,car,2,0.8734756708145142,32.91321563720703,568.4681396484375,399.07049560546875,872.1435546875,215.99185180664062,720.3058471679688,366.15728759765625,303.6754150390625
23,1.1082000897055184,2,car,2,0.8332015872001648,747.8255615234375,537.251220703125,1219.631591796875,922.9937744140625,983.7285766601562,730.1224975585938,471.8060302734375,385.7425537109375
23,1.1082000897055184,3,car,2,0.7528417110443115,534.4019775390625,594.7058715820312,749.1840209960938,741.19921875,641.79296875,667.9525146484375,214.78204345703125,146.49334716796875
24,1.1563827023014106,1,car,2,0.7840622067451477,33.74685287475586,569.0162353515625,403.4293518066406,869.6329345703125,218.58810424804688,719.3245849609375,369.6824951171875,300.61669921875
24,1.1563827023014106,2,car,2,0.7828160524368286,739.6299438476562,537.674560546875,1226.8453369140625,937.96484375,983.2376708984375,737.8197021484375,487.21539306640625,400.290283203125
24,1.1563827023014106,3,car,2,0.6843101978302002,536.906005859375,596.3536376953125,750.1170043945312,741.576904296875,643.511474609375,668.9652709960938,213.21099853515625,145.2232666015625
25,1.2045653148973028,1,car,2,0.7710345387458801,32.19541549682617,569.5491943359375,406.9145202636719,868.9310302734375,219.55496215820312,719.2401123046875,374.7191162109375,299.3818359375
25,1.2045653148973028,2,car,2,0.7824013233184814,742.2985229492188,538.00146484375,1223.7406005859375,933.9888305664062,983.01953125,735.9951171875,481.44207763671875,395.98736572265625
25,1.2045653148973028,3,car,2,0.6587665677070618,537.692138671875,596.5430908203125,750.9195556640625,741.5572509765625,644.3058471679688,669.0501708984375,213.2274169921875,145.01416015625
26,1.2527479274931947,1,car,2,0.7607619166374207,35.1617317199707,574.9720458984375,407.7381896972656,866.4293212890625,221.44996643066406,720.70068359375,372.5764465332031,291.457275390625
26,1.2527479274931947,2,car,2,0.8023560047149658,747.3731689453125,539.7160034179688,1218.448486328125,926.6179809570312,982.9108276367188,733.1669921875,471.0753173828125,386.9019775390625
26,1.2527479274931947,3,car,2,0.6956278681755066,534.6881713867188,597.8790283203125,744.3289794921875,741.6091918945312,639.508544921875,669.744140625,209.64080810546875,143.73016357421875
27,1.300930540089087,1,car,2,0.7672979235649109,34.20453643798828,576.98583984375,409.9912109375,865.48193359375,222.09786987304688,721.23388671875,375.78668212890625,288.49609375
27,1.300930540089087,2,car,2,0.8045682311058044,748.603271484375,540.3857421875,1217.1256103515625,924.8433227539062,982.8644409179688,732.614501953125,468.5223388671875,384.45758056640625
27,1.300930540089087,3,car,2,0.6919817328453064,534.7377319335938,598.381103515625,742.370361328125,741.6033935546875,638.5540771484375,669.9922485351562,207.63262939453125,143.2222900390625
28,1.3491131526849791,1,car,2,0.7660532593727112,31.793060302734375,577.7739868164062,412.8340759277344,865.4705200195312,222.31356811523438,721.6222534179688,381.041015625,287.696533203125
28,1.3491131526849791,2,car,2,0.7972070574760437,746.612548828125,540.6512451171875,1219.170166015625,928.7247314453125,982.891357421875,734.68798828125,472.5576171875,388.073486328125
28,1.3491131526849791,3,car,2,0.7007518410682678,535.1615600585938,598.5552368164062,741.40869140625,741.5469360351562,638.28515625,670.0510864257812,206.24713134765625,142.99169921875
29,1.397295765280871,1,car,2,0.8320225477218628,34.635581970214844,577.6773071289062,421.4465026855469,864.0482177734375,228.04104614257812,720.86279296875,386.8109130859375,286.37091064453125
29,1.397295765280871,2,car,2,0.7809631824493408,733.9156494140625,541.0418090820312,1234.0726318359375,956.2116088867188,983.994140625,748.626708984375,500.156982421875,415.1697998046875
29,1.397295765280871,3,car,2,0.5170467495918274,540.053466796875,604.6281127929688,737.05224609375,742.172607421875,638.5528564453125,673.400390625,196.998779296875,137.54449462890625
30,1.4454783778767633,1,car,2,0.8403017520904541,33.35704040527344,577.5552978515625,426.859375,863.899169921875,230.10821533203125,720.7272338867188,393.5023193359375,286.3438720703125
30,1.4454783778767633,2,car,2,0.768219530582428,732.5201416015625,541.38037109375,1236.838134765625,963.8103637695312,984.6791381835938,752.5953369140625,504.3179931640625,422.42999267578125
30,1.4454783778767633,3,car,2,0.5297347903251648,547.7804565429688,617.25146484375,727.6909790039062,742.3536987304688,637.7357177734375,679.8026123046875,179.9105224609375,125.10223388671875
31,1.4936609904726554,1,car,2,0.8274825215339661,33.05031204223633,577.1171264648438,431.1582336425781,861.8719482421875,232.10427856445312,719.4945068359375,398.10791015625,284.75482177734375
31,1.4936609904726554,2,car,2,0.7596285939216614,731.3513793945312,541.1539306640625,1238.2579345703125,969.8544311523438,984.8046875,755.504150390625,506.90655517578125,428.70050048828125
31,1.4936609904726554,3,car,2,0.5848392844200134,544.142333984375,603.9817504882812,739.2426147460938,741.2488403320312,641.6925048828125,672.6152954101562,195.10028076171875,137.26708984375
32,1.5418436030685474,1,car,2,0.8231626749038696,30.930896759033203,576.9139404296875,434.6064147949219,861.2857666015625,232.76866149902344,719.099853515625,403.6755065917969,284.371826171875
32,1.5418436030685474,2,car,2,0.7636020183563232,731.3397216796875,540.9973754882812,1237.6961669921875,973.0944213867188,984.5179443359375,757.0458984375,506.3564453125,432.0970458984375
32,1.5418436030685474,3,car,2,0.5717203617095947,543.9066162109375,599.5621948242188,742.237548828125,740.5758056640625,643.0720825195312,670.0689697265625,198.3309326171875,141.01361083984375
33,1.5900262156644396,1,car,2,0.8262442946434021,28.388900756835938,576.8858032226562,437.5723571777344,861.2492065429688,232.98062133789062,719.0675048828125,409.1834716796875,284.3634033203125
33,1.5900262156644396,2,car,2,0.7708811163902283,731.2366943359375,540.941650390625,1237.2191162109375,976.541015625,984.2279052734375,758.7413330078125,505.982421875,435.599365234375
33,1.5900262156644396,3,car,2,0.5672250390052795,544.425537109375,597.8378295898438,742.8945922851562,740.2386474609375,643.6600341796875,669.0382080078125,198.46905517578125,142.40081787109375
34,1.6382088282603318,1,car,2,0.8262645602226257,25.84145164489746,576.8125610351562,440.12353515625,861.2465209960938,232.9824981689453,719.029541015625,414.2820739746094,284.4339599609375
34,1.6382088282603318,2,car,2,0.7762768268585205,732.4835205078125,540.8810424804688,1235.7821044921875,977.6719970703125,984.1328125,759.2764892578125,503.298583984375,436.79095458984375
34,1.6382088282603318,3,car,2,0.5696983933448792,544.7818603515625,597.1279296875,742.3660888671875,740.1307983398438,643.573974609375,668.62939453125,197.584228515625,143.00286865234375
35,1.6863914408562237,1,car,2,0.826778769493103,23.490219116210938,576.741455078125,442.29510498046875,861.1636352539062,232.89266967773438,718.9525146484375,418.80487060546875,284.42218017578125
35,1.6863914408562237,2,car,2,0.7769225835800171,734.6973876953125,540.9058227539062,1233.641357421875,976.9781494140625,984.1693725585938,758.9420166015625,498.9439697265625,436.07232666015625
35,1.6863914408562237,3,car,2,0.556420087814331,546.0070190429688,596.8514404296875,742.4371948242188,739.9273681640625,644.2221069335938,668.389404296875,196.43017578125,143.075927734375
36,1.734574053452116,1,car,2,0.7754250168800354,23.673221588134766,576.5098266601562,446.29669189453125,860.2115478515625,234.98495483398438,718.3607177734375,422.62347412109375,283.70172119140625
36,1.734574053452116,2,car,2,0.7746641635894775,738.4134521484375,541.6709594726562,1228.746826171875,972.3036499023438,983.5801391601562,756.9873046875,490.3333740234375,430.6326904296875
36,1.734574053452116,3,car,2,0.5214497447013855,553.7156982421875,597.8292236328125,747.4126586914062,738.5465698242188,650.564208984375,668.1878662109375,193.69696044921875,140.71734619140625
37,1.782756666048008,1,car,2,0.775218665599823,22.402626037597656,576.3773193359375,448.979248046875,859.7659301757812,235.69093322753906,718.0716552734375,426.5766296386719,283.38861083984375
37,1.782756666048008,2,car,2,0.7731584906578064,740.9456787109375,541.9205932617188,1225.76220703125,969.4684448242188,983.3539428710938,755.6945190429688,484.8165283203125,427.5478515625
37,1.782756666048008,3,car,2,0.5184609293937683,556.588623046875,598.2570190429688,749.4296264648438,738.0112915039062,653.0091552734375,668.1341552734375,192.84100341796875,139.7542724609375
38,1.8309392786439,1,car,2,0.7856279015541077,20.325551986694336,576.3024291992188,451.4664306640625,860.139404296875,235.89599609375,718.220947265625,431.140869140625,283.83697509765625
38,1.8309392786439,2,car,2,0.7733755111694336,742.07177734375,541.9752807617188,1224.3624267578125,968.9771118164062,983.2171020507812,755.4761962890625,482.2906494140625,427.0018310546875
38,1.8309392786439,3,car,2,0.4959017038345337,557.4478759765625,598.3198852539062,750.2594604492188,737.7671508789062,653.8536376953125,668.0435180664062,192.81158447265625,139.447265625
39,1.8791218912397922,1,car,2,0.842705249786377,40.27832794189453,578.9134521484375,459.2294616699219,850.9442138671875,249.75389099121094,714.9288330078125,418.9511413574219,272.03076171875
39,1.8791218912397922,2,car,2,0.8030496835708618,760.187744140625,542.4627685546875,1205.1124267578125,932.7431030273438,982.6500854492188,737.6029052734375,444.9246826171875,390.28033447265625
39,1.8791218912397922,3,car,2,0.33392709493637085,557.742431640625,598.299072265625,746.1758422851562,735.9723510742188,651.9591064453125,667.1357421875,188.43341064453125,137.67327880859375
40,1.9273045038356844,1,car,2,0.8498848080635071,46.797000885009766,579.9149169921875,463.7233581542969,847.3490600585938,255.2601776123047,713.6319580078125,416.9263610839844,267.43414306640625
40,1.9273045038356844,2,car,2,0.8067878484725952,766.56689453125,542.6561279296875,1198.176025390625,918.0048828125,982.3714599609375,730.3305053710938,431.609130859375,375.3487548828125
40,1.9273045038356844,3,car,2,0.32249659299850464,558.4197387695312,598.468994140625,743.736328125,735.1102294921875,651.0780029296875,666.7896118164062,185.31658935546875,136.6412353515625
41,1.9754871164315764,1,car,2,0.6887348890304565,55.221282958984375,578.5617065429688,471.80755615234375,843.3564453125,263.514404296875,710.9591064453125,416.5862731933594,264.79473876953125
41,1.9754871164315764,2,car,2,0.6939454674720764,747.3541259765625,542.793212890625,1215.6358642578125,952.6428833007812,981.4949951171875,747.718017578125,468.28173828125,409.84967041015625
42,2.0236697290274686,1,car,2,0.6980551481246948,57.37204360961914,578.0247802734375,475.46539306640625,841.5548706054688,266.4187316894531,709.789794921875,418.0933532714844,263.53009033203125
42,2.0236697290274686,2,car,2,0.6974135637283325,741.418701171875,542.8053588867188,1220.9051513671875,964.9303588867188,981.1619262695312,753.8678588867188,479.4864501953125,422.125
43,2.0718523416233605,1,car,2,0.6914991736412048,57.054264068603516,577.8193969726562,477.5515441894531,840.8538818359375,267.30291748046875,709.336669921875,420.4972839355469,263.03448486328125
43,2.0718523416233605,2,car,2,0.6875927448272705,738.71923828125,542.6388549804688,1223.302001953125,971.8385009765625,981.0106201171875,757.2386474609375,484.582763671875,429.19964599609375
44,2.120034954219253,1,car,2,0.7846347689628601,66.59833526611328,579.6312866210938,480.96478271484375,836.5133666992188,273.78155517578125,708.0723266601562,414.366455078125,256.882080078125
44,2.120034954219253,2,car,2,0.708763062953949,746.9519653320312,542.646240234375,1214.60693359375,956.7298583984375,980.7794189453125,749.6880493164062,467.65496826171875,414.0836181640625
45,2.168217566815145,1,car,2,0.7848752737045288,69.1367416381836,580.1490478515625,483.001953125,834.6586303710938,276.0693359375,707.40380859375,413.8652038574219,254.50958251953125
45,2.168217566815145,2,car,2,0.6960327625274658,751.7327880859375,542.6203002929688,1209.3980712890625,947.2335815429688,980.5654296875,744.9269409179688,457.665283203125,404.61328125
45,2.168217566815145,8,car,2,0.3703528046607971,0.4134511649608612,581.9788818359375,67.87108612060547,635.7394409179688,34.142269134521484,608.859130859375,67.45763397216797,53.76055908203125
46,2.216400179411037,1,car,2,0.7905445098876953,68.90786743164062,580.3053588867188,484.4830627441406,834.0147705078125,276.6954650878906,707.1600341796875,415.5751953125,253.70941162109375
46,2.216400179411037,2,car,2,0.6942905187606812,754.2481079101562,542.5021362304688,1206.7469482421875,941.7196044921875,980.49755859375,742.11083984375,452.49884033203125,399.21746826171875
46,2.216400179411037,8,car,2,0.3755134344100952,0.417086660861969,581.9515380859375,67.91375732421875,635.7433471679688,34.16542053222656,608.847412109375,67.49667358398438,53.79180908203125
47,2.2645827920069292,1,car,2,0.7611449956893921,65.99469757080078,578.769775390625,486.74237060546875,834.4603881835938,276.3685302734375,706.6151123046875,420.7476806640625,255.69061279296875
47,2.2645827920069292,2,car,2,0.7018609642982483,761.1146240234375,542.2398071289062,1200.11328125,926.9879760742188,980.6139526367188,734.6138916015625,438.9986572265625,384.7481689453125
47,2.2645827920069292,8,car,2,0.3908229470252991,0.26601505279541016,582.0365600585938,67.72177124023438,635.8056640625,33.993892669677734,608.921142578125,67.45575714111328,53.76910400390625
48,2.312765404602821,1,car,2,0.761786699295044,65.92613220214844,579.6351928710938,487.11236572265625,834.09130859375,276.5192565917969,706.86328125,421.18621826171875,254.45611572265625
48,2.312765404602821,2,car,2,0.6925657987594604,761.1860961914062,542.1505126953125,1200.2012939453125,925.1689453125,980.6937255859375,733.6597290039062,439.01519775390625,383.0184326171875
48,2.312765404602821,8,car,2,0.38143014907836914,0.28038379549980164,582.0608520507812,67.7323989868164,635.83544921875,34.00638961791992,608.9481201171875,67.45201873779297,53.77459716796875
49,2.360948017198713,1,car,2,0.8325796723365784,82.72052764892578,580.8895263671875,496.678466796875,829.7579956054688,289.6994934082031,705.32373046875,413.95794677734375,248.86846923828125
49,2.360948017198713,2,car,2,0.7810435891151428,767.9224853515625,543.1895751953125,1194.3231201171875,912.2179565429688,981.122802734375,727.7037353515625,426.400634765625,369.02838134765625
49,2.360948017198713,8,car,2,0.4247784912586212,0.0,582.2821044921875,67.1268081665039,635.9985961914062,33.56340408325195,609.140380859375,67.1268081665039,53.71649169921875
49,2.360948017198713,3,car,2,0.33739519119262695,579.83740234375,601.1448974609375,732.9854125976562,713.1865844726562,656.411376953125,657.165771484375,153.14801025390625,112.04168701171875
50,2.4091306297946056,1,car,2,0.8280489444732666,88.37138366699219,581.5206909179688,500.5755615234375,828.2215576171875,294.4734802246094,704.87109375,412.20416259765625,246.70086669921875
50,2.4091306297946056,2,car,2,0.7768996357917786,769.51708984375,543.5350952148438,1192.9080810546875,907.283447265625,981.2125854492188,725.4093017578125,423.3909912109375,363.74835205078125
50,2.4091306297946056,8,car,2,0.41487014293670654,0.0,582.3792724609375,67.04503631591797,636.0985717773438,33.522518157958984,609.2388916015625,67.04503631591797,53.71929931640625
50,2.4091306297946056,3,car,2,0.3322056829929352,580.8582763671875,601.3347778320312,730.5134887695312,709.8457641601562,655.6859130859375,655.5902709960938,149.65521240234375,108.510986328125
51,2.4573132423904975,1,car,2,0.826483964920044,91.61801147460938,579.4970703125,507.4100036621094,828.1734619140625,299.5140075683594,703.8352661132812,415.7919921875,248.6763916015625
51,2.4573132423904975,2,car,2,0.8210459351539612,768.1776733398438,544.3485107421875,1192.451171875,906.5712890625,980.314453125,725.4598999023438,424.27349853515625,362.2227783203125
51,2.4573132423904975,8,car,2,0.430480033159256,0.0,582.0907592773438,67.0013198852539,635.9925537109375,33.50065994262695,609.0416259765625,67.0013198852539,53.90179443359375
51,2.4573132423904975,3,car,2,0.3549584746360779,589.3672485351562,599.80126953125,726.6978759765625,696.9646606445312,658.0325927734375,648.3829345703125,137.33062744140625,97.16339111328125
52,2.5054958549863895,1,car,2,0.8263004422187805,92.55299377441406,578.7290649414062,509.97747802734375,828.236328125,301.2652282714844,703.482666015625,417.42449951171875,249.50726318359375
52,2.5054958549863895,2,car,2,0.8196105360984802,766.9846801757812,544.6288452148438,1193.03857421875,906.3074951171875,980.0115966796875,725.4681396484375,426.05389404296875,361.67864990234375
52,2.5054958549863895,8,car,2,0.4286063611507416,0.0,581.98193359375,66.96183013916016,635.9511108398438,33.48091506958008,608.966552734375,66.96183013916016,53.96917724609375
52,2.5054958549863895,3,car,2,0.3645007312297821,591.5204467773438,599.25048828125,725.7074584960938,692.3425903320312,658.6139526367188,645.7965087890625,134.18701171875,93.09210205078125
52,2.5054958549863895,9,car,2,0.39136549830436707,581.6026000976562,601.2838134765625,718.3785400390625,674.0433959960938,649.9906005859375,637.66357421875,136.77593994140625,72.75958251953125
53,2.553678467582282,1,car,2,0.8293639421463013,92.865478515625,578.4819946289062,510.8152160644531,828.149169921875,301.84033203125,703.3155517578125,417.9497375488281,249.66717529296875
53,2.553678467582282,2,car,2,0.824910581111908,764.6550903320312,544.9236450195312,1191.4556884765625,904.7700805664062,978.055419921875,724.8468627929688,426.80059814453125,359.846435546875
53,2.553678467582282,8,car,2,0.4319410026073456,0.0,581.9019165039062,67.23303985595703,635.9083251953125,33.616519927978516,608.9051513671875,67.23303985595703,54.00640869140625
53,2.553678467582282,3,car,2,0.379435658454895,591.0816650390625,598.9989624023438,726.827392578125,691.7913818359375,658.9545288085938,645.3951416015625,135.7457275390625,92.79241943359375
53,2.553678467582282,9,car,2,0.3871537148952484,581.4864501953125,601.3295288085938,718.8676147460938,674.4151000976562,650.177001953125,637.872314453125,137.38116455078125,73.0855712890625
54,2.601861080178174,1,car,2,0.7995311617851257,102.40608215332031,580.1954956054688,514.995849609375,826.1083374023438,308.7009582519531,703.1519165039062,412.58978271484375,245.912841796875
54,2.601861080178174,2,car,2,0.7969156503677368,763.7732543945312,544.7765502929688,1195.45166015625,907.688232421875,979.6124267578125,726.232421875,431.67840576171875,362.91168212890625
55,2.650043692774066,1,car,2,0.7966404557228088,105.32112884521484,580.7728271484375,516.870361328125,825.5882568359375,311.0957336425781,703.1805419921875,411.5492248535156,244.8154296875
55,2.650043692774066,2,car,2,0.7998755574226379,763.1746826171875,544.77587890625,1197.3062744140625,908.7867431640625,980.240478515625,726.7813110351562,434.131591796875,364.0108642578125
55,2.650043692774066,10,car,2,0.302108496427536,589.4736938476562,598.5230102539062,744.1204833984375,725.6546020507812,666.797119140625,662.0888061523438,154.64678955078125,127.131591796875
56,2.6982263053699582,1,car,2,0.6972351670265198,114.64759826660156,582.9219970703125,519.9609985351562,823.1994018554688,317.3042907714844,703.0606689453125,405.31341552734375,240.27740478515625
56,2.6982263053699582,2,car,2,0.7849404811859131,765.8853149414062,544.345458984375,1196.9638671875,905.2481689453125,981.424560546875,724.7968139648438,431.07855224609375,360.9027099609375
56,2.6982263053699582,10,car,2,0.47043702006340027,593.1947631835938,599.2076416015625,742.0843505859375,721.4359130859375,667.6395263671875,660.32177734375,148.88958740234375,122.228271484375
57,2.74640891796585,1,car,2,0.7106455564498901,117.34268188476562,583.5715942382812,521.6190185546875,822.5396118164062,319.4808349609375,703.0556030273438,404.2763366699219,238.968017578125
57,2.74640891796585,2,car,2,0.7839622497558594,766.6483764648438,544.27490234375,1197.0068359375,904.0697021484375,981.82763671875,724.1723022460938,430.35845947265625,359.7947998046875
57,2.74640891796585,10,car,2,0.478549987077713,594.0540771484375,599.4044189453125,741.878662109375,720.533203125,667.9663696289062,659.9688110351562,147.8245849609375,121.1287841796875
58,2.794591530561742,1,car,2,0.7196632623672485,117.84148406982422,583.8809814453125,522.4935913085938,822.4527587890625,320.16754150390625,703.1668701171875,404.652099609375,238.57177734375
58,2.794591530561742,2,car,2,0.7892441749572754,766.986083984375,544.3035278320312,1197.3804931640625,903.7144165039062,982.1832885742188,724.0089721679688,430.3944091796875,359.410888671875
58,2.794591530561742,10,car,2,0.46226584911346436,593.8776245117188,599.4095458984375,742.1740112304688,720.6725463867188,668.0258178710938,660.041015625,148.29638671875,121.26300048828125
59,2.8427741431576345,1,car,2,0.4934133291244507,126.57534790039062,582.323974609375,527.1979370117188,817.88134765625,326.88665771484375,700.1026611328125,400.6225891113281,235.557373046875
59,2.8427741431576345,2,car,2,0.7496302723884583,766.0284423828125,545.6386108398438,1196.0418701171875,904.0912475585938,981.03515625,724.8649291992188,430.013427734375,358.45263671875
59,2.8427741431576345,10,car,2,0.45338141918182373,601.9462280273438,597.6341552734375,754.9503173828125,721.8702392578125,678.4482421875,659.752197265625,153.00408935546875,124.236083984375
60,2.8909567557535265,1,car,2,0.4824998378753662,129.43211364746094,581.8667602539062,528.635986328125,815.954833984375,329.0340576171875,698.9107666015625,399.203857421875,234.08807373046875
60,2.8909567557535265,2,car,2,0.7301532626152039,765.2361450195312,546.2069702148438,1195.685302734375,904.3671264648438,980.460693359375,725.2870483398438,430.44915771484375,358.16015625
60,2.8909567557535265,10,car,2,0.4090854525566101,603.7077026367188,597.0752563476562,758.5498046875,721.909423828125,681.1287841796875,659.4923095703125,154.84210205078125,124.83416748046875
61,2.9391393683494185,2,car,2,0.7209609150886536,767.572265625,546.6524047851562,1195.4366455078125,902.5082397460938,981.5044555664062,724.580322265625,427.8643798828125,355.8558349609375
61,2.9391393683494185,10,car,2,0.40663278102874756,604.4802856445312,597.1609497070312,754.5516357421875,717.4872436523438,679.5159912109375,657.3240966796875,150.07135009765625,120.3262939453125
62,2.987321980945311,2,car,2,0.7278941869735718,768.3097534179688,546.78369140625,1195.39501953125,901.8410034179688,981.8524169921875,724.3123779296875,427.08526611328125,355.05731201171875
62,2.987321980945311,10,car,2,0.41606405377388,604.2265625,597.1941528320312,753.2340698242188,716.0095825195312,678.7303466796875,656.6018676757812,149.00750732421875,118.8154296875
63,3.035504593541203,2,car,2,0.7327728271484375,768.4557495117188,546.7769165039062,1195.5146484375,901.6921997070312,981.9852294921875,724.2345581054688,427.05889892578125,354.915283203125
63,3.035504593541203,10,car,2,0.40579912066459656,603.7627563476562,597.2339477539062,752.4976196289062,715.1691284179688,678.1301879882812,656.2015380859375,148.73486328125,117.9351806640625
64,3.083687206137095,2,car,2,0.7974027991294861,767.1441650390625,546.9085693359375,1193.8487548828125,901.215087890625,980.4964599609375,724.0618286132812,426.70458984375,354.3065185546875
64,3.083687206137095,10,car,2,0.5751203894615173,602.9057006835938,598.40576171875,754.4909057617188,718.3583374023438,678.6983032226562,658.382080078125,151.585205078125,119.95257568359375
64,3.083687206137095,1,car,2,0.5332265496253967,150.69149780273438,584.1774291992188,539.5869750976562,811.4996337890625,345.13922119140625,697.8385009765625,388.8954772949219,227.32220458984375
65,3.131869818732987,2,car,2,0.8167707324028015,766.6099243164062,547.5466918945312,1192.300537109375,900.8828735351562,979.4552001953125,724.2147827148438,425.69061279296875,353.336181640625
65,3.131869818732987,10,car,2,0.574690580368042,606.0927734375,599.4424438476562,757.2589721679688,718.5960693359375,681.6759033203125,659.019287109375,151.16619873046875,119.15362548828125
65,3.131869818732987,1,car,2,0.5524656772613525,163.03688049316406,585.7685546875,542.04638671875,806.2133178710938,352.5416259765625,695.990966796875,379.009521484375,220.44476318359375
66,3.180052431328879,2,car,2,0.727935254573822,766.6238403320312,550.0325927734375,1187.6337890625,900.292724609375,977.1287841796875,725.1626586914062,421.00994873046875,350.2601318359375
66,3.180052431328879,1,car,2,0.49412110447883606,192.7028350830078,587.221435546875,562.212890625,802.141845703125,377.4578552246094,694.681640625,369.51007080078125,214.92041015625
67,3.228235043924771,2,car,2,0.6849678158760071,766.5162353515625,550.6800537109375,1184.738525390625,900.0424194335938,975.6273803710938,725.3612060546875,418.2222900390625,349.36236572265625
67,3.228235043924771,1,car,2,0.6925345659255981,215.107421875,588.0208129882812,576.6786499023438,798.6498413085938,395.8930358886719,693.3353271484375,361.57122802734375,210.6290283203125
67,3.228235043924771,10,car,2,0.34898826479911804,621.654052734375,599.6837158203125,761.0667724609375,709.49560546875,691.3604125976562,654.5896606445312,139.4127197265625,109.8118896484375
68,3.2764176565206635,2,car,2,0.6773039698600769,767.2279663085938,550.8906860351562,1183.6510009765625,900.1531372070312,975.439453125,725.5219116210938,416.42303466796875,349.262451171875
68,3.2764176565206635,1,car,2,0.6814424395561218,223.74847412109375,588.2688598632812,581.7962036132812,797.0870971679688,402.7723388671875,692.677978515625,358.0477294921875,208.8182373046875
68,3.2764176565206635,12,car,2,0.3616730570793152,0.0,787.6354370117188,1502.2655029296875,1071.6904296875,751.1327514648438,929.6629638671875,1502.2655029296875,284.05499267578125
68,3.2764176565206635,10,car,2,0.3158967196941376,625.4720458984375,599.9481201171875,758.9561157226562,704.9076538085938,692.214111328125,652.4278564453125,133.48406982421875,104.95953369140625
69,3.3246002691165555,2,car,2,0.611203134059906,770.7911987304688,555.8604736328125,1178.5673828125,899.8729858398438,974.6793212890625,727.86669921875,407.77618408203125,344.01251220703125
69,3.3246002691165555,1,car,2,0.6304432153701782,258.7817687988281,590.6515502929688,599.3672485351562,789.7564697265625,429.07452392578125,690.2039794921875,340.5854797363281,199.10491943359375
69,3.3246002691165555,12,car,2,0.417356938123703,6.172993183135986,765.2699584960938,1624.6661376953125,1070.67626953125,815.4195556640625,917.97314453125,1618.4931640625,305.40631103515625
69,3.3246002691165555,10,car,2,0.3834618330001831,639.3638916015625,603.9832153320312,765.285888671875,702.4243774414062,702.3248901367188,653.2037963867188,125.9219970703125,98.441162109375
70,3.3727828817124474,2,car,2,0.6013480424880981,772.7273559570312,557.7821044921875,1176.0015869140625,899.7857055664062,974.364501953125,728.783935546875,403.27423095703125,342.00360107421875
70,3.3727828817124474,1,car,2,0.6270290017127991,271.5926208496094,591.5333862304688,605.4442749023438,787.125,438.5184326171875,689.3292236328125,333.8516540527344,195.59161376953125
70,3.3727828817124474,12,car,2,0.4187834560871124,2.026136636734009,757.219970703125,1660.5518798828125,1070.2218017578125,831.2890014648438,913.7208862304688,1658.5257568359375,313.0018310546875
70,3.3727828817124474,10,car,2,0.38144680857658386,644.2508544921875,605.4199829101562,767.7665405273438,701.4628295898438,706.0086669921875,653.44140625,123.51568603515625,96.0428466796875
71,3.42096549430834,2,car,2,0.6735761165618896,774.5167846679688,558.9785766601562,1172.58056640625,898.0228271484375,973.5487060546875,728.500732421875,398.06378173828125,339.04425048828125
71,3.42096549430834,1,car,2,0.44826850295066833,284.2730407714844,592.8674926757812,609.4601440429688,783.7061767578125,446.8665771484375,688.286865234375,325.1871032714844,190.83868408203125
71,3.42096549430834,12,car,2,0.48722922801971436,11.838387489318848,757.0006103515625,1670.1956787109375,1069.7724609375,841.0170288085938,913.3865356445312,1658.3572998046875,312.7718505859375
72,3.469148106904232,2,car,2,0.6444355845451355,776.0309448242188,562.1206665039062,1166.865478515625,895.9896240234375,971.4482421875,729.05517578125,390.83453369140625,333.86895751953125
72,3.469148106904232,1,car,2,0.5154595971107483,300.6117248535156,597.0921630859375,612.8111572265625,780.16064453125,456.71142578125,688.6264038085938,312.1994323730469,183.0684814453125
72,3.469148106904232,12,car,2,0.5707804560661316,0.0,739.061767578125,1743.3660888671875,1069.85009765625,871.6830444335938,904.4559326171875,1743.3660888671875,330.788330078125
73,3.5173307195001238,2,car,2,0.5545312166213989,781.5348510742188,564.1283569335938,1165.8155517578125,893.7660522460938,973.6751708984375,728.9472045898438,384.28070068359375,329.6376953125
73,3.5173307195001238,12,car,2,0.3703961670398712,0.0,724.227783203125,1781.642333984375,1069.9945068359375,890.8211669921875,897.1111450195312,1781.642333984375,345.7667236328125
74,3.565513332096016,2,car,2,0.7347034215927124,784.68798828125,564.76904296875,1164.95068359375,892.3465576171875,974.8193359375,728.5578002929688,380.2626953125,327.5775146484375
74,3.565513332096016,12,car,2,0.46366292238235474,0.0,705.590087890625,1736.9578857421875,1069.543701171875,868.4789428710938,887.56689453125,1736.9578857421875,363.95361328125
74,3.565513332096016,1,car,2,0.629787266254425,322.26995849609375,600.3814697265625,622.62060546875,776.626220703125,472.4452819824219,688.5038452148438,300.35064697265625,176.2447509765625
75,3.613695944691908,2,car,2,0.7657235860824585,787.6945190429688,565.8701171875,1163.677490234375,890.8544921875,975.68603515625,728.3623046875,375.98297119140625,324.984375
75,3.613695944691908,12,car,2,0.4454842805862427,0.0,698.6410522460938,1710.530029296875,1069.3424072265625,855.2650146484375,883.99169921875,1710.530029296875,370.70135498046875
75,3.613695944691908,14,car,2,0.3788630962371826,0.0,704.4752197265625,369.4937744140625,933.8576049804688,184.74688720703125,819.1663818359375,369.4937744140625,229.38238525390625
75,3.613695944691908,1,car,2,0.5990096926689148,325.5893249511719,601.2339477539062,623.6021728515625,776.1009521484375,474.59576416015625,688.66748046875,298.0128479003906,174.86700439453125
76,3.6618785572878,2,car,2,0.7711912393569946,791.443359375,569.2117919921875,1158.7427978515625,887.4057006835938,975.0930786132812,728.3087158203125,367.2994384765625,318.19390869140625
76,3.6618785572878,12,car,2,0.5174094438552856,0.0,679.8504028320312,1726.73876953125,1069.5540771484375,863.369384765625,874.7022705078125,1726.73876953125,389.70367431640625
76,3.6618785572878,1,car,2,0.5365415215492249,337.099853515625,602.1403198242188,628.6257934570312,773.088623046875,482.8628234863281,687.614501953125,291.52593994140625,170.94830322265625
77,3.7100611698836925,2,car,2,0.7979136109352112,793.2205810546875,569.368408203125,1156.362548828125,884.7369384765625,974.7915649414062,727.0526733398438,363.1419677734375,315.3685302734375
77,3.7100611698836925,12,car,2,0.34479644894599915,0.0,659.7042236328125,1755.41064453125,1070.044677734375,877.705322265625,864.8744506835938,1755.41064453125,410.3404541015625
77,3.7100611698836925,1,car,2,0.5822168588638306,341.8096008300781,604.1565551757812,634.729248046875,776.5117797851562,488.2694091796875,690.3341674804688,292.9196472167969,172.355224609375
77,3.7100611698836925,14,car,2,0.4244783818721771,0.0,662.9288940429688,419.1763916015625,927.1760864257812,209.58819580078125,795.052490234375,419.1763916015625,264.2471923828125
78,3.7582437824795845,2,car,2,0.8461595773696899,795.482421875,570.8394775390625,1153.505126953125,882.1046752929688,974.4937744140625,726.4720458984375,358.022705078125,311.26519775390625
78,3.7582437824795845,1,car,2,0.5569801926612854,347.41796875,604.4740600585938,637.1740112304688,775.1412963867188,492.2959899902344,689.8076782226562,289.75604248046875,170.667236328125
78,3.7582437824795845,14,car,2,0.5345596075057983,0.0,644.393798828125,440.3722229003906,922.822021484375,220.1861114501953,783.60791015625,440.3722229003906,278.42822265625
79,3.8064263950754764,2,car,2,0.8408647775650024,799.107177734375,572.4271850585938,1150.9891357421875,878.5806884765625,975.0481567382812,725.50390625,351.8819580078125,306.15350341796875
79,3.8064263950754764,1,car,2,0.5374292731285095,355.21875,605.138671875,641.418701171875,774.06005859375,498.3187255859375,689.599365234375,286.199951171875,168.92138671875
79,3.8064263950754764,14,car,2,0.6333701610565186,0.0,629.3026123046875,457.8155517578125,918.9107666015625,228.90777587890625,774.106689453125,457.8155517578125,289.608154296875
80,3.854609007671369,2,car,2,0.8480824828147888,801.0404052734375,573.0752563476562,1148.30126953125,875.40771484375,974.6708374023438,724.241455078125,347.2608642578125,302.33245849609375
80,3.854609007671369,1,car,2,0.704660952091217,369.1122131347656,606.4779052734375,641.4230346679688,766.8485717773438,505.26763916015625,686.6632080078125,272.3108215332031,160.37066650390625
80,3.854609007671369,14,car,2,0.679286539554596,0.0,607.882568359375,486.0223693847656,921.4891357421875,243.0111846923828,764.6858520507812,486.0223693847656,313.6065673828125
81,3.902791620267261,2,car,2,0.879593014717102,802.9066162109375,573.2960815429688,1146.8360595703125,873.0422973632812,974.871337890625,723.169189453125,343.929443359375,299.7462158203125
81,3.902791620267261,1,car,2,0.3987239897251129,380.3385009765625,607.8916625976562,642.2164306640625,761.4576416015625,511.2774658203125,684.6746826171875,261.8779296875,153.56597900390625
81,3.902791620267261,14,car,2,0.7649284601211548,0.0,600.2072143554688,497.8309631347656,920.272705078125,248.9154815673828,760.239990234375,497.8309631347656,320.06549072265625
82,3.9509742328631527,2,car,2,0.8803526759147644,803.703857421875,572.9754028320312,1145.7662353515625,871.484130859375,974.7350463867188,722.229736328125,342.0623779296875,298.50872802734375
82,3.9509742328631527,1,car,2,0.45347076654434204,386.1021728515625,608.4352416992188,644.1044311523438,759.0747680664062,515.103271484375,683.7550048828125,258.00225830078125,150.6395263671875
82,3.9509742328631527,14,car,2,0.7922648787498474,1.1833202838897705,605.1177368164062,500.6110534667969,917.0410766601562,250.89718627929688,761.0794067382812,499.427734375,311.92333984375
83,3.999156845459045,2,car,2,0.8684216141700745,803.4912109375,572.6503295898438,1144.119140625,869.99169921875,973.80517578125,721.321044921875,340.6279296875,297.34136962890625
83,3.999156845459045,14,car,2,0.743108332157135,11.382083892822266,607.1483154296875,506.1291198730469,914.5609741210938,258.755615234375,760.8546142578125,494.7470397949219,307.41265869140625
84,4.047339458054937,2,car,2,0.8975945115089417,805.8919067382812,573.3968505859375,1140.3118896484375,865.2544555664062,973.1019287109375,719.32568359375,334.41998291015625,291.85760498046875
84,4.047339458054937,14,car,2,0.6611302495002747,24.85175895690918,613.6914672851562,508.1361389160156,910.7833862304688,266.49395751953125,762.2374267578125,483.2843933105469,297.0919189453125
84,4.047339458054937,1,car,2,0.42958784103393555,391.48785400390625,608.8111572265625,652.5037841796875,761.0984497070312,521.995849609375,684.954833984375,261.01593017578125,152.28729248046875
85,4.095522070650829,2,car,2,0.8719807267189026,807.9320068359375,575.02783203125,1138.2281494140625,863.3226318359375,973.080078125,719.1752319335938,330.296142578125,288.2947998046875
85,4.095522070650829,14,car,2,0.7951400279998779,35.19544982910156,618.9755249023438,511.7856140136719,907.6802978515625,273.49053955078125,763.327880859375,476.59014892578125,288.70477294921875
86,4.143704683246721,2,car,2,0.8787739276885986,807.7999267578125,575.3296508789062,1134.9149169921875,860.3925170898438,971.357421875,717.861083984375,327.114990234375,285.0628662109375
86,4.143704683246721,14,car,2,0.768815279006958,39.74128723144531,619.7076416015625,519.2356567382812,905.7564697265625,279.48846435546875,762.7320556640625,479.494384765625,286.048828125
86,4.143704683246721,1,car,2,0.5698869824409485,398.82391357421875,609.6810913085938,660.7108154296875,762.9260864257812,529.767333984375,686.3035888671875,261.88690185546875,153.2449951171875
87,4.191887295842614,2,car,2,0.8300656676292419,811.6736450195312,576.071533203125,1133.9842529296875,857.1499633789062,972.8289794921875,716.6107177734375,322.31060791015625,281.07843017578125
87,4.191887295842614,14,car,2,0.7855254411697388,34.155330657958984,609.8805541992188,551.6447143554688,915.5460205078125,292.9000244140625,762.7132568359375,517.4893798828125,305.66546630859375
87,4.191887295842614,1,car,2,0.6772931218147278,401.1317138671875,609.0306396484375,668.310302734375,765.7188720703125,534.7210083007812,687.374755859375,267.1785888671875,156.688232421875
87,4.191887295842614,10,car,2,0.3952004909515381,688.3826904296875,617.4424438476562,802.0355224609375,704.5771484375,745.2091064453125,661.009765625,113.65283203125,87.13470458984375
88,4.240069908438506,2,car,2,0.8309760689735413,813.1123657226562,576.2831420898438,1133.9130859375,856.306396484375,973.5126953125,716.2947998046875,320.80072021484375,280.02325439453125
88,4.240069908438506,14,car,2,0.7869186401367188,31.14300537109375,607.0618896484375,564.3936767578125,919.0000610351562,297.7683410644531,763.031005859375,533.2506713867188,311.93817138671875
88,4.240069908438506,1,car,2,0.6806396245956421,401.8855895996094,608.7984619140625,670.573486328125,766.6400756835938,536.2295532226562,687.71923828125,268.6878967285156,157.84161376953125
88,4.240069908438506,10,car,2,0.4211674630641937,687.97119140625,618.1331787109375,802.4497680664062,704.7874145507812,745.21044921875,661.4603271484375,114.47857666015625,86.65423583984375
89,4.288252521034398,2,car,2,0.7810523509979248,815.3389892578125,577.5662841796875,1134.4639892578125,856.37744140625,974.9014892578125,716.9718627929688,319.125,278.8111572265625
89,4.288252521034398,14,car,2,0.7472788095474243,25.980161666870117,601.3185424804688,582.8746948242188,924.8391723632812,304.42742919921875,763.078857421875,556.89453125,323.5206298828125
89,4.288252521034398,1,car,2,0.6035585403442383,412.3829650878906,608.9286499023438,674.4682006835938,763.6650390625,543.4255981445312,686.296875,262.0852355957031,154.73638916015625
89,4.288252521034398,10,car,2,0.4430925250053406,685.4169311523438,619.35302734375,802.8028564453125,705.9423217773438,744.10986328125,662.647705078125,117.38592529296875,86.58929443359375
90,4.33643513363029,2,car,2,0.7976850271224976,815.6687622070312,579.5369262695312,1131.798828125,855.4283447265625,973.7337646484375,717.482666015625,316.13006591796875,275.89141845703125
90,4.33643513363029,14,car,2,0.7714999318122864,27.7961483001709,603.9088134765625,589.4293823242188,927.1485595703125,308.6127624511719,765.5286865234375,561.6332397460938,323.23974609375
90,4.33643513363029,1,car,2,0.5165899991989136,421.3600158691406,608.5170288085938,676.8209228515625,760.0908203125,549.0904541015625,684.303955078125,255.46090698242188,151.57379150390625
90,4.33643513363029,20,car,2,0.38762015104293823,791.0021362304688,596.90380859375,855.053466796875,645.511474609375,823.02783203125,621.2076416015625,64.05133056640625,48.607666015625
91,4.384617746226182,2,car,2,0.7713049650192261,815.8489990234375,581.2792358398438,1127.63232421875,852.6329345703125,971.7406616210938,716.9560546875,311.7833251953125,271.35369873046875
91,4.384617746226182,14,car,2,0.6705181002616882,37.00260925292969,596.7395629882812,594.72021484375,913.0739135742188,315.8614196777344,754.90673828125,557.7175903320312,316.3343505859375
91,4.384617746226182,1,car,2,0.6029708385467529,433.0095520019531,610.052490234375,677.8453979492188,755.6395263671875,555.427490234375,682.8460083007812,244.83584594726562,145.5870361328125
91,4.384617746226182,20,car,2,0.3562445640563965,790.9208984375,598.3970947265625,856.0156860351562,647.70068359375,823.46826171875,623.0488891601562,65.09478759765625,49.3035888671875
92,4.432800358822074,2,car,2,0.7524069547653198,814.761474609375,582.5789794921875,1124.5633544921875,851.3715209960938,969.6624145507812,716.9752197265625,309.8018798828125,268.79254150390625
92,4.432800358822074,14,car,2,0.718502402305603,41.27250671386719,594.818359375,605.29052734375,909.9989013671875,323.2815246582031,752.4086303710938,564.0180053710938,315.1805419921875
92,4.432800358822074,1,car,2,0.4223068654537201,441.3006591796875,610.6853637695312,680.66748046875,753.7056884765625,560.9840698242188,682.195556640625,239.3668212890625,143.02032470703125
92,4.432800358822074,20,car,2,0.34605640172958374,792.733642578125,597.6485595703125,855.818115234375,645.1473999023438,824.27587890625,621.39794921875,63.08447265625,47.49884033203125
93,4.4809829714179665,2,car,2,0.8092983365058899,814.6116943359375,583.3882446289062,1120.7958984375,848.2764282226562,967.7037963867188,715.8323364257812,306.1842041015625,264.88818359375
93,4.4809829714179665,14,car,2,0.7772876620292664,44.53736877441406,594.656494140625,614.4754638671875,908.1549072265625,329.50640869140625,751.4057006835938,569.9381103515625,313.4984130859375
93,4.4809829714179665,20,car,2,0.3895546793937683,795.7281494140625,597.7017211914062,857.3534545898438,643.9611206054688,826.540771484375,620.8314208984375,61.62530517578125,46.2593994140625
94,4.5291655840138585,2,car,2,0.8026407361030579,816.8304443359375,583.7685546875,1121.328369140625,847.3631591796875,969.0794067382812,715.5658569335938,304.4979248046875,263.5946044921875
94,4.5291655840138585,14,car,2,0.6991738080978394,33.09800720214844,589.973388671875,637.1721801757812,919.5350341796875,335.1351013183594,754.7542114257812,604.0741577148438,329.5616455078125
95,4.5773481966097505,2,car,2,0.7756192684173584,818.0103759765625,584.7968139648438,1117.3800048828125,844.0574951171875,967.6951904296875,714.4271240234375,299.36962890625,259.26068115234375
95,4.5773481966097505,14,car,2,0.5584250688552856,38.8665771484375,592.7839965820312,645.31689453125,918.8969116210938,342.09173583984375,755.8404541015625,606.4503173828125,326.1129150390625
95,4.5773481966097505,1,car,2,0.34294945001602173,465.0409240722656,610.994140625,693.6984252929688,749.5067138671875,579.3696899414062,680.2504272460938,228.65750122070312,138.5125732421875
96,4.625530809205642,2,car,2,0.8009419441223145,818.5198364257812,583.0946044921875,1114.1766357421875,839.0472412109375,966.3482666015625,711.0709228515625,295.65679931640625,255.95263671875
96,4.625530809205642,14,car,2,0.6455270051956177,49.63185501098633,601.0235595703125,644.0341796875,914.7203979492188,346.8330078125,757.8719482421875,594.40234375,313.69683837890625
96,4.625530809205642,1,car,2,0.35254305601119995,454.3492126464844,610.568359375,676.2606811523438,750.325927734375,565.304931640625,680.4471435546875,221.91146850585938,139.757568359375
97,4.673713421801534,2,car,2,0.8402944207191467,818.9296264648438,584.0564575195312,1111.1793212890625,836.8477783203125,965.054443359375,710.4521484375,292.24969482421875,252.79132080078125
97,4.673713421801534,14,car,2,0.6332359910011292,40.30022048950195,602.6412353515625,656.1414184570312,924.0924072265625,348.2208251953125,763.3668212890625,615.8411865234375,321.451171875
97,4.673713421801534,1,car,2,0.48040008544921875,456.32623291015625,610.8690795898438,666.0213012695312,747.1968994140625,561.1737670898438,679.032958984375,209.695068359375,136.32781982421875
97,4.673713421801534,28,car,2,0.5027415752410889,613.4207153320312,651.5346069335938,687.582275390625,735.1056518554688,650.50146484375,693.3201293945312,74.16156005859375,83.571044921875
97,4.673713421801534,10,car,2,0.33893153071403503,722.777099609375,630.9462890625,814.1057739257812,696.6472778320312,768.44140625,663.7967529296875,91.32867431640625,65.70098876953125
97,4.673713421801534,20,car,2,0.3107423782348633,804.124267578125,597.5650024414062,861.5678100585938,640.3736572265625,832.8460693359375,618.9693603515625,57.44354248046875,42.80865478515625
98,4.721896034397426,2,car,2,0.7282779216766357,821.27392578125,582.837158203125,1108.4281005859375,831.133056640625,964.8510131835938,706.985107421875,287.1541748046875,248.2958984375
98,4.721896034397426,14,car,2,0.5796186327934265,51.11281967163086,615.1072998046875,653.8402099609375,923.4869384765625,352.47650146484375,769.297119140625,602.7274169921875,308.379638671875
98,4.721896034397426,1,car,2,0.413251668214798,489.646240234375,608.4397583007812,688.04833984375,737.6246337890625,588.8472900390625,673.0322265625,198.402099609375,129.18487548828125
99,4.770078646993319,2,car,2,0.7426117062568665,821.3226928710938,582.314208984375,1106.796142578125,828.8510131835938,964.0594482421875,705.5826416015625,285.47344970703125,246.53680419921875
99,4.770078646993319,14,car,2,0.5660728812217712,65.64517974853516,626.0880737304688,643.2727661132812,913.845947265625,354.458984375,769.967041015625,577.6275634765625,287.75787353515625
99,4.770078646993319,1,car,2,0.3590170741081238,502.3139953613281,608.674560546875,695.9500732421875,734.2079467773438,599.1320190429688,671.4412841796875,193.63607788085938,125.53338623046875
100,4.818261259589211,2,car,2,0.6946913599967957,823.1560668945312,581.5892944335938,1107.0767822265625,827.0394897460938,965.116455078125,704.3143920898438,283.92071533203125,245.4501953125
100,4.818261259589211,14,car,2,0.7133253812789917,53.88679885864258,618.9645385742188,657.662353515625,915.2388916015625,355.7745666503906,767.1016845703125,603.7755737304688,296.27435302734375
100,4.818261259589211,20,car,2,0.3464787006378174,801.9036254882812,597.3362426757812,868.384033203125,647.0849609375,835.143798828125,622.2105712890625,66.48040771484375,49.74871826171875
101,4.866443872185103,2,car,2,0.7339692711830139,822.9090576171875,581.6102905273438,1104.7335205078125,825.0036010742188,963.8212890625,703.3069458007812,281.824462890625,243.393310546875
101,4.866443872185103,14,car,2,0.6490477323532104,52.80110168457031,624.3898315429688,660.0371704101562,917.2905883789062,356.41912841796875,770.8402099609375,607.236083984375,292.9007568359375
101,4.866443872185103,20,car,2,0.3278021514415741,803.7763061523438,597.055419921875,868.0166625976562,644.9531860351562,835.896484375,621.0042724609375,64.2403564453125,47.89776611328125
101,4.866443872185103,1,car,2,0.43943867087364197,507.1915588378906,606.7394409179688,704.4674682617188,735.0641479492188,605.8295288085938,670.9017944335938,197.27590942382812,128.32470703125
102,4.914626484780995,2,car,2,0.7411320805549622,823.36865234375,582.3896484375,1102.1275634765625,822.701171875,962.7481079101562,702.54541015625,278.7589111328125,240.3115234375
102,4.914626484780995,14,car,2,0.6712828874588013,46.06413269042969,620.88427734375,666.6018676757812,916.2064208984375,356.3330078125,768.5453491210938,620.5377197265625,295.3221435546875
102,4.914626484780995,20,car,2,0.3533133566379547,805.9500732421875,597.2774658203125,868.1829223632812,643.5800170898438,837.0665283203125,620.4287109375,62.23284912109375,46.30255126953125
102,4.914626484780995,1,car,2,0.3560538589954376,507.32965087890625,606.6832275390625,704.4761352539062,734.9501342773438,605.9028930664062,670.816650390625,197.146484375,128.26690673828125
103,4.962809097376887,2,car,2,0.7284840941429138,823.6558227539062,582.643310546875,1101.09912109375,821.2849731445312,962.37744140625,701.964111328125,277.44329833984375,238.64166259765625
103,4.962809097376887,14,car,2,0.7006954550743103,36.55816650390625,613.5746459960938,678.0439453125,916.1546630859375,357.3010559082031,764.8646240234375,641.4857788085938,302.58001708984375
103,4.962809097376887,20,car,2,0.333019882440567,805.7401123046875,597.161376953125,867.7208862304688,643.0514526367188,836.73046875,620.1064453125,61.98077392578125,45.89007568359375
104,5.010991709972779,2,car,2,0.7711960673332214,823.0643920898438,580.9168701171875,1098.7935791015625,817.7422485351562,960.928955078125,699.32958984375,275.72918701171875,236.82537841796875
104,5.010991709972779,14,car,2,0.5920079946517944,42.507503509521484,622.1775512695312,673.0633544921875,915.2600708007812,357.7854309082031,768.7188110351562,630.5558471679688,293.08251953125
104,5.010991709972779,20,car,2,0.3383597433567047,807.3272094726562,596.078369140625,866.768310546875,639.6681518554688,837.0477294921875,617.873291015625,59.44110107421875,43.58978271484375
104,5.010991709972779,10,car,2,0.34921926259994507,732.6974487304688,623.0335693359375,825.8051147460938,689.2815551757812,779.2512817382812,656.1575927734375,93.107666015625,66.24798583984375
104,5.010991709972779,1,car,2,0.5244054198265076,514.53662109375,605.7571411132812,710.8578491210938,733.7061157226562,612.697265625,669.7316284179688,196.32122802734375,127.948974609375
105,5.059174322568672,2,car,2,0.7758767604827881,822.64111328125,580.2189331054688,1098.2742919921875,816.8134765625,960.4577026367188,698.5162353515625,275.6331787109375,236.59454345703125
105,5.059174322568672,14,car,2,0.6031925082206726,42.746910095214844,626.8692626953125,673.6158447265625,916.2843017578125,358.1813659667969,771.5767822265625,630.8689575195312,289.4150390625
105,5.059174322568672,20,car,2,0.3417800962924957,808.6605834960938,596.1429443359375,866.365966796875,638.0189819335938,837.5133056640625,617.0809326171875,57.70538330078125,41.87603759765625
105,5.059174322568672,10,car,2,0.319042444229126,737.3886108398438,626.4115600585938,829.9378662109375,690.6859130859375,783.6632080078125,658.5487060546875,92.54925537109375,64.27435302734375
105,5.059174322568672,1,car,2,0.4347856342792511,513.7879028320312,605.280517578125,712.2769165039062,735.0357666015625,613.0324096679688,670.1581420898438,198.489013671875,129.7552490234375
106,5.107356935164564,2,car,2,0.7747776508331299,824.005615234375,580.8392944335938,1096.7376708984375,814.6270141601562,960.3716430664062,697.733154296875,272.7320556640625,233.7877197265625
106,5.107356935164564,14,car,2,0.6116272807121277,38.62911605834961,626.8724365234375,678.0518798828125,917.1822509765625,358.3404846191406,772.02734375,639.4227905273438,290.309814453125
106,5.107356935164564,20,car,2,0.3272877037525177,809.3946533203125,596.6654052734375,866.484619140625,637.8416748046875,837.9396362304688,617.2535400390625,57.0899658203125,41.17626953125
106,5.107356935164564,10,car,2,0.35762885212898254,735.677490234375,617.923095703125,837.1795654296875,689.5711059570312,786.4285278320312,653.7470703125,101.5020751953125,71.64801025390625
106,5.107356935164564,1,car,2,0.3715003728866577,519.4345703125,605.8106689453125,711.5509033203125,731.312255859375,615.4927368164062,668.5614624023438,192.1163330078125,125.5015869140625
107,5.155539547760456,2,car,2,0.7473841309547424,823.4296264648438,580.86181640625,1094.9962158203125,813.664794921875,959.212890625,697.2633056640625,271.56658935546875,232.802978515625
107,5.155539547760456,14,car,2,0.5641931891441345,27.06237030029297,618.011962890625,686.8832397460938,916.0437622070312,356.9728088378906,767.02783203125,659.8208618164062,298.03179931640625
107,5.155539547760456,20,car,2,0.3266293704509735,807.3800659179688,596.6072387695312,866.68896484375,639.2454833984375,837.0345458984375,617.9263916015625,59.30889892578125,42.63824462890625
107,5.155539547760456,1,car,2,0.543989360332489,520.8289794921875,605.2593994140625,710.79541015625,729.098388671875,615.8121948242188,667.1788940429688,189.9664306640625,123.8389892578125
108,5.203722160356348,2,car,2,0.7010661363601685,822.8847045898438,580.026611328125,1091.6080322265625,810.3378295898438,957.246337890625,695.1822509765625,268.72332763671875,230.31121826171875
108,5.203722160356348,14,car,2,0.5274147391319275,30.530664443969727,625.950927734375,678.1954956054688,915.4651489257812,354.3630676269531,770.7080078125,647.6648559570312,289.51422119140625
108,5.203722160356348,20,car,2,0.32014402747154236,807.27978515625,595.888671875,864.913818359375,637.0603637695312,836.0968017578125,616.4744873046875,57.634033203125,41.17169189453125
108,5.203722160356348,1,car,2,0.4257428050041199,521.8766479492188,605.3162231445312,710.8603515625,729.30029296875,616.3685302734375,667.3082275390625,188.98370361328125,123.98406982421875
109,5.25190477295224,2,car,2,0.6348016262054443,823.6859130859375,579.7446899414062,1090.40869140625,808.6405029296875,957.0473022460938,694.192626953125,266.7227783203125,228.89581298828125
109,5.25190477295224,14,car,2,0.4741472899913788,32.07016372680664,632.3748168945312,673.763916015625,916.2452392578125,352.91705322265625,774.31005859375,641.6937255859375,283.87042236328125
109,5.25190477295224,20,car,2,0.30667445063591003,805.1292114257812,593.239501953125,863.2293701171875,634.8344116210938,834.1793212890625,614.0369873046875,58.10015869140625,41.59490966796875
109,5.25190477295224,1,car,2,0.41647306084632874,523.1672973632812,605.4021606445312,711.0079345703125,729.5248413085938,617.087646484375,667.4635009765625,187.84063720703125,124.1226806640625
110,5.300087385548132,2,car,2,0.6496124267578125,824.0755615234375,579.5889892578125,1089.9285888671875,808.0006103515625,957.0020751953125,693.7947998046875,265.85302734375,228.41162109375
110,5.300087385548132,14,car,2,0.4643329679965973,31.144268035888672,635.0363159179688,673.6282958984375,916.5591430664062,352.38629150390625,775.7977294921875,642.4840087890625,281.5228271484375
110,5.300087385548132,20,car,2,0.3043525516986847,804.384521484375,592.3106689453125,862.5270385742188,634.0087890625,833.455810546875,613.1597290039062,58.14251708984375,41.6981201171875
110,5.300087385548132,1,car,2,0.4191860556602478,523.9195556640625,605.5567626953125,710.6652221679688,729.6883544921875,617.2923583984375,667.62255859375,186.74566650390625,124.131591796875
111,5.3482699981440245,2,car,2,0.6255732178688049,821.0673217773438,578.3302001953125,1087.1082763671875,807.1273193359375,954.0877685546875,692.728759765625,266.04095458984375,228.797119140625
111,5.3482699981440245,14,car,2,0.606399655342102,24.225658416748047,630.193603515625,679.5115966796875,915.8526000976562,351.8686218261719,773.0230712890625,655.2859497070312,285.65899658203125
111,5.3482699981440245,1,car,2,0.48145267367362976,510.334716796875,605.2315673828125,695.5429077148438,731.2821044921875,602.9388427734375,668.2568359375,185.20819091796875,126.050537109375
112,5.3964526107399164,2,car,2,0.5950642824172974,817.6666870117188,577.2559204101562,1085.6141357421875,808.602294921875,951.640380859375,692.9290771484375,267.94744873046875,231.34637451171875
112,5.3964526107399164,14,car,2,0.3950731158256531,13.675141334533691,631.27978515625,685.0455322265625,923.640625,349.3603515625,777.460205078125,671.370361328125,292.36083984375
112,5.3964526107399164,1,car,2,0.5117170810699463,507.8819885253906,605.5619506835938,686.741455078125,730.076171875,597.3117065429688,667.819091796875,178.85946655273438,124.51422119140625
113,5.444635223335808,2,car,2,0.7108194828033447,812.50927734375,576.5844116210938,1084.62158203125,812.5487670898438,948.5654296875,694.5665893554688,272.1123046875,235.96435546875
113,5.444635223335808,14,car,2,0.4095023572444916,11.088362693786621,631.1232299804688,684.3182983398438,923.7400512695312,347.7033386230469,777.431640625,673.2299194335938,292.6168212890625
113,5.444635223335808,1,car,2,0.43418341875076294,523.4264526367188,604.399658203125,697.9588012695312,725.9570922851562,610.692626953125,665.1783447265625,174.5323486328125,121.55743408203125
114,5.4928178359317,2,car,2,0.5427456498146057,812.8723754882812,575.3068237304688,1083.1163330078125,810.9301147460938,947.994384765625,693.1184692382812,270.24395751953125,235.623291015625
114,5.4928178359317,14,car,2,0.36840569972991943,5.05217981338501,628.1791381835938,687.87890625,925.068115234375,346.4655456542969,776.6236572265625,682.8267211914062,296.88897705078125
114,5.4928178359317,20,car,2,0.3877965211868286,801.3515625,590.5714111328125,857.8428955078125,631.4688720703125,829.5972290039062,611.0201416015625,56.4913330078125,40.8974609375
115,5.541000448527592,2,car,2,0.5562976598739624,813.498291015625,574.7269287109375,1082.501953125,810.5111694335938,948.0001220703125,692.6190185546875,269.003662109375,235.78424072265625
115,5.541000448527592,14,car,2,0.36907967925071716,2.2972426414489746,627.1292724609375,689.608154296875,926.1444702148438,345.95269775390625,776.6368408203125,687.3109130859375,299.01519775390625
115,5.541000448527592,20,car,2,0.3958776891231537,801.5026245117188,590.5878295898438,856.7546997070312,630.8677978515625,829.128662109375,610.727783203125,55.2520751953125,40.27996826171875
116,5.589183061123484,2,car,2,0.628424346446991,815.1375122070312,573.49853515625,1074.0113525390625,800.5074462890625,944.574462890625,687.0029907226562,258.87384033203125,227.0089111328125
116,5.589183061123484,14,car,2,0.5101361870765686,1.5024197101593018,624.386474609375,688.9375,923.5432739257812,345.219970703125,773.96484375,687.43505859375,299.15679931640625
116,5.589183061123484,1,car,2,0.4380781948566437,536.5449829101562,602.3875732421875,703.3763427734375,717.925048828125,619.960693359375,660.1563110351562,166.83135986328125,115.5374755859375
117,5.637365673719377,2,car,2,0.6053214073181152,815.646240234375,572.9981079101562,1068.7100830078125,794.7903442382812,942.1781616210938,683.8942260742188,253.0638427734375,221.792236328125
117,5.637365673719377,14,car,2,0.6953750252723694,0.0,618.010986328125,690.8002319335938,920.2036743164062,345.4001159667969,769.1072998046875,690.8002319335938,302.19268798828125
117,5.637365673719377,1,car,2,0.3478816747665405,538.1489868164062,601.8214721679688,706.6612548828125,718.4152221679688,622.4051513671875,660.1183471679688,168.51226806640625,116.59375
118,5.685548286315269,2,car,2,0.43151071667671204,816.4613037109375,573.2548828125,1066.905517578125,792.6130981445312,941.6834106445312,682.9339599609375,250.4442138671875,219.35821533203125
118,5.685548286315269,14,car,2,0.6932482719421387,0.1475115269422531,616.6943359375,687.82275390625,916.5086669921875,343.9851379394531,766.6015014648438,687.6752319335938,299.8143310546875
118,5.685548286315269,1,car,2,0.4581718444824219,537.3755493164062,601.017333984375,707.5515747070312,719.15771484375,622.4635620117188,660.0875244140625,170.176025390625,118.140380859375
119,5.733730898911161,2,car,2,0.3780607581138611,816.4923706054688,574.329345703125,1062.565185546875,789.4122924804688,939.52880859375,681.870849609375,246.07281494140625,215.08294677734375
119,5.733730898911161,14,car,2,0.6498323678970337,0.0,615.6084594726562,692.4706420898438,920.6377563476562,346.2353210449219,768.1231079101562,692.4706420898438,305.029296875
119,5.733730898911161,1,car,2,0.5067914128303528,534.2972412109375,600.9075317382812,705.0921020507812,720.08349609375,619.6947021484375,660.4954833984375,170.79486083984375,119.17596435546875
119,5.733730898911161,37,car,2,0.4005558490753174,823.2509155273438,648.39990234375,1060.052734375,790.27734375,941.65185546875,719.338623046875,236.80181884765625,141.87744140625
119,5.733730898911161,38,car,2,0.42818647623062134,739.3697509765625,617.4799194335938,817.3910522460938,676.3958740234375,778.38037109375,646.9378662109375,78.02130126953125,58.91595458984375
119,5.733730898911161,20,car,2,0.31437110900878906,801.6381225585938,590.2552490234375,854.975830078125,629.451416015625,828.3070068359375,609.8533325195312,53.33770751953125,39.1961669921875
120,5.781913511507053,2,car,2,0.7471314668655396,815.8828735351562,573.9606323242188,1061.4044189453125,788.5814819335938,938.6436767578125,681.2710571289062,245.52154541015625,214.620849609375
120,5.781913511507053,14,car,2,0.5057001113891602,0.0,611.3094482421875,697.5515747070312,921.37353515625,348.7757873535156,766.3414916992188,697.5515747070312,310.0640869140625
120,5.781913511507053,1,car,2,0.5121669769287109,539.1690063476562,600.3425903320312,708.2420043945312,718.0269775390625,623.7055053710938,659.184814453125,169.072998046875,117.68438720703125
120,5.781913511507053,38,car,2,0.39316317439079285,737.3391723632812,616.3092041015625,816.5999145507812,675.97998046875,776.9695434570312,646.1445922851562,79.2607421875,59.6707763671875
121,5.830096124102945,2,car,2,0.6938788294792175,815.2105712890625,573.7496337890625,1060.1556396484375,787.8212890625,937.68310546875,680.7854614257812,244.945068359375,214.0716552734375
121,5.830096124102945,14,car,2,0.5466892123222351,0.0,612.6665649414062,695.3265991210938,921.106201171875,347.6632995605469,766.8863525390625,695.3265991210938,308.43963623046875
121,5.830096124102945,1,car,2,0.4787333011627197,544.5247802734375,597.8943481445312,710.5404663085938,713.5584716796875,627.5325927734375,655.7264404296875,166.01568603515625,115.66412353515625
121,5.830096124102945,20,car,2,0.33401238918304443,794.8032836914062,590.997802734375,860.74169921875,641.1336059570312,827.7724609375,616.065673828125,65.93841552734375,50.13580322265625
122,5.878278736698837,2,car,2,0.6396955847740173,816.0691528320312,574.7322998046875,1058.8082275390625,786.989501953125,937.438720703125,680.8609008789062,242.73907470703125,212.2572021484375
122,5.878278736698837,14,car,2,0.6625444889068604,0.0,612.9532470703125,693.372802734375,918.6491088867188,346.6864013671875,765.8011474609375,693.372802734375,305.69586181640625
122,5.878278736698837,1,car,2,0.6282230019569397,544.9568481445312,598.147216796875,711.3435668945312,714.1112060546875,628.1502075195312,656.1292114257812,166.38671875,115.9639892578125
122,5.878278736698837,20,car,2,0.3092701733112335,794.961181640625,591.8411254882812,859.581787109375,642.1136474609375,827.271484375,616.9774169921875,64.62060546875,50.27252197265625
122,5.878278736698837,38,car,2,0.36947372555732727,725.0087280273438,604.381103515625,820.7047119140625,676.5736083984375,772.856689453125,640.4773559570312,95.69598388671875,72.1925048828125
123,5.92646134929473,2,car,2,0.5510705709457397,815.8810424804688,574.5689086914062,1057.6546630859375,786.1218872070312,936.767822265625,680.3453979492188,241.77362060546875,211.552978515625
123,5.92646134929473,14,car,2,0.518754243850708,3.012826442718506,615.513916015625,688.4071044921875,916.3953857421875,345.7099609375,765.9546508789062,685.394287109375,300.8814697265625
123,5.92646134929473,1,car,2,0.4263976514339447,544.1612548828125,597.0894775390625,712.219482421875,714.799072265625,628.1903686523438,655.9442749023438,168.0582275390625,117.7095947265625
123,5.92646134929473,38,car,2,0.38894662261009216,724.3555908203125,601.0824584960938,823.9102783203125,676.7171630859375,774.1329345703125,638.8997802734375,99.5546875,75.63470458984375
124,5.974643961890622,2,car,2,0.7132843732833862,814.1528930664062,573.3883666992188,1056.275390625,785.5499267578125,935.214111328125,679.4691162109375,242.12249755859375,212.16156005859375
124,5.974643961890622,14,car,2,0.5026767253875732,4.420562267303467,613.7512817382812,692.3529052734375,915.3981323242188,348.38671875,764.57470703125,687.932373046875,301.6468505859375
124,5.974643961890622,1,car,2,0.4656575322151184,547.7384033203125,595.9414672851562,712.4341430664062,711.4942626953125,630.0863037109375,653.7178955078125,164.69573974609375,115.55279541015625
124,5.974643961890622,20,car,2,0.31498050689697266,798.3248291015625,592.4689331054688,854.7720336914062,636.5881958007812,826.5484619140625,614.528564453125,56.44720458984375,44.1192626953125
125,6.022826574486514,2,car,2,0.5663774013519287,813.1182861328125,571.7979736328125,1054.994384765625,784.4203491210938,934.0563354492188,678.109130859375,241.8760986328125,212.62237548828125
125,6.022826574486514,14,car,2,0.4460552930831909,0.75275057554245,612.9627685546875,698.0833740234375,918.9285888671875,349.4180603027344,765.9456787109375,697.3306274414062,305.9658203125
125,6.022826574486514,1,car,2,0.3506634831428528,552.0765380859375,594.5753173828125,714.9033813476562,709.634765625,633.489990234375,652.1050415039062,162.82684326171875,115.0594482421875
126,6.071009187082406,14,car,2,0.6841733455657959,0.0,604.0249633789062,728.9734497070312,938.175048828125,364.4867248535156,771.0999755859375,728.9734497070312,334.15008544921875
127,6.119191799678298,14,car,2,0.6716217994689941,0.0,600.6761474609375,737.9039916992188,945.1646118164062,368.9519958496094,772.92041015625,737.9039916992188,344.48846435546875
128,6.16737441227419,14,car,2,0.6941508054733276,0.0,599.3535766601562,734.7779541015625,941.9849853515625,367.38897705078125,770.6693115234375,734.7779541015625,342.63140869140625
128,6.16737441227419,2,car,2,0.3665740191936493,815.9971313476562,574.9005737304688,1042.5880126953125,774.2555541992188,929.2926025390625,674.5780639648438,226.59088134765625,199.35498046875
129,6.215557024870082,14,car,2,0.7428693771362305,0.0,598.6121826171875,729.822509765625,933.85302734375,364.9112548828125,766.2326049804688,729.822509765625,335.2408447265625
129,6.215557024870082,2,car,2,0.5664825439453125,815.966064453125,575.7222290039062,1035.997802734375,769.304931640625,925.98193359375,672.5135498046875,220.03173828125,193.58270263671875
130,6.263739637465974,14,car,2,0.5046197175979614,0.0,595.8928833007812,730.3975830078125,930.1915893554688,365.19879150390625,763.042236328125,730.3975830078125,334.2987060546875
130,6.263739637465974,39,car,2,0.3296734392642975,731.328857421875,615.6929321289062,817.5588989257812,675.0665893554688,774.44384765625,645.3797607421875,86.23004150390625,59.3736572265625
131,6.311922250061866,14,car,2,0.8253452777862549,0.0,596.1156616210938,736.6771240234375,934.6285400390625,368.33856201171875,765.3720703125,736.6771240234375,338.51287841796875
131,6.311922250061866,39,car,2,0.32027876377105713,727.8117065429688,614.8390502929688,816.382568359375,675.700927734375,772.09716796875,645.27001953125,88.57086181640625,60.86187744140625
131,6.311922250061866,2,car,2,0.5412142276763916,814.4533081054688,576.2775268554688,1028.9439697265625,765.1891479492188,921.6986083984375,670.7333374023438,214.49066162109375,188.91162109375
132,6.360104862657758,14,car,2,0.8728153109550476,22.08003807067871,594.5783081054688,728.8438720703125,914.0173950195312,375.4619445800781,754.2978515625,706.7638549804688,319.4390869140625
132,6.360104862657758,39,car,2,0.3242209851741791,722.1502685546875,606.7692260742188,821.787841796875,675.2692260742188,771.9690551757812,641.0192260742188,99.6375732421875,68.5
132,6.360104862657758,2,car,2,0.5070359706878662,813.4329223632812,575.5670776367188,1027.403076171875,764.578125,920.41796875,670.0726318359375,213.97015380859375,189.01104736328125
133,6.40828747525365,14,car,2,0.8787716031074524,40.18146514892578,591.6461181640625,733.6553955078125,904.6472778320312,386.9184265136719,748.146728515625,693.4739379882812,313.00115966796875
133,6.40828747525365,2,car,2,0.4371034502983093,814.5652465820312,576.2482299804688,1024.0538330078125,761.5489501953125,919.3095703125,668.8985595703125,209.48858642578125,185.30072021484375
134,6.456470087849542,14,car,2,0.8772101402282715,47.05066680908203,590.7920532226562,735.2273559570312,900.9662475585938,391.1390075683594,745.879150390625,688.1766967773438,310.1741943359375
134,6.456470087849542,2,car,2,0.4155277609825134,815.36474609375,576.4920654296875,1022.42822265625,759.7885131835938,918.896484375,668.1402587890625,207.0634765625,183.29644775390625
135,6.504652700445435,14,car,2,0.8979028463363647,72.34150695800781,593.7678833007812,742.5645141601562,896.0133666992188,407.4530029296875,744.890625,670.2230224609375,302.2454833984375
135,6.504652700445435,2,car,2,0.5230886936187744,815.3975830078125,579.4691772460938,1017.2019653320312,757.533203125,916.2998046875,668.501220703125,201.80438232421875,178.06402587890625
136,6.552835313041327,14,car,2,0.9057557582855225,94.44059753417969,597.1900024414062,749.7015991210938,893.3297119140625,422.07110595703125,745.2598876953125,655.260986328125,296.13970947265625
136,6.552835313041327,2,car,2,0.582846999168396,815.495361328125,581.1116333007812,1013.8573608398438,755.4999389648438,914.6763916015625,668.3057861328125,198.36199951171875,174.3883056640625
137,6.601017925637219,14,car,2,0.8969160318374634,112.44603729248047,600.1577758789062,759.8853759765625,893.8821411132812,436.16571044921875,747.0199584960938,647.4393310546875,293.724365234375
137,6.601017925637219,2,car,2,0.49636441469192505,816.8187255859375,581.741943359375,1014.1220092773438,755.0696411132812,915.4703369140625,668.40576171875,197.30328369140625,173.32769775390625
138,6.649200538233111,14,car,2,0.9245392084121704,128.38038635253906,599.254150390625,773.9124755859375,894.0595703125,451.14642333984375,746.6568603515625,645.5321044921875,294.805419921875
138,6.649200538233111,2,car,2,0.6059074401855469,815.2863159179688,582.0484008789062,1011.9281616210938,754.4822998046875,913.6072387695312,668.265380859375,196.641845703125,172.43389892578125
139,6.697383150829003,14,car,2,0.9160153269767761,143.4802703857422,599.14306640625,785.5443725585938,894.9188842773438,464.5123291015625,747.031005859375,642.0640869140625,295.77581787109375
139,6.697383150829003,2,car,2,0.594631016254425,815.2564086914062,581.8668823242188,1010.849853515625,753.0248413085938,913.0531005859375,667.4458618164062,195.59344482421875,171.157958984375
140,6.745565763424895,14,car,2,0.9297742247581482,161.48348999023438,598.6680908203125,797.5363159179688,894.8817749023438,479.5098876953125,746.77490234375,636.0528564453125,296.21368408203125
140,6.745565763424895,2,car,2,0.4583231508731842,816.9789428710938,581.5228881835938,1010.6430053710938,751.033447265625,913.8109741210938,666.2781982421875,193.6640625,169.51055908203125
141,6.793748376020788,14,car,2,0.9237729907035828,182.18824768066406,599.9818115234375,806.8904418945312,894.1124267578125,494.5393371582031,747.047119140625,624.7022094726562,294.130615234375
142,6.84193098861668,14,car,2,0.9083712697029114,200.81307983398438,600.57666015625,818.6286010742188,895.3842163085938,509.7208251953125,747.98046875,617.8155517578125,294.80755615234375
142,6.84193098861668,2,car,2,0.47189077734947205,817.4590454101562,581.1468505859375,1010.9903564453125,750.984130859375,914.2247314453125,666.0654907226562,193.53131103515625,169.8372802734375
143,6.890113601212572,14,car,2,0.9038645029067993,215.06410217285156,599.581298828125,828.8916015625,896.9896850585938,521.9778442382812,748.2855224609375,613.8275146484375,297.40838623046875
143,6.890113601212572,2,car,2,0.4546695649623871,817.7435913085938,582.8643188476562,1007.6640014648438,749.1788330078125,912.7037963867188,666.0216064453125,189.92041015625,166.31451416015625
144,6.938296213808464,14,car,2,0.9021682739257812,235.7051544189453,601.1392211914062,836.5394897460938,896.5865478515625,536.122314453125,748.8629150390625,600.8343505859375,295.44732666015625
144,6.938296213808464,2,car,2,0.6331703662872314,819.9166259765625,583.50732421875,1009.3343505859375,749.5695190429688,914.62548828125,666.5384521484375,189.417724609375,166.06219482421875
145,6.986478826404356,14,car,2,0.906325101852417,253.0531005859375,599.6786499023438,846.2730102539062,896.0619506835938,549.6630859375,747.8703002929688,593.2199096679688,296.38330078125
145,6.986478826404356,2,car,2,0.5360109806060791,820.9658203125,583.8260498046875,1010.1385498046875,749.8161010742188,915.5521850585938,666.821044921875,189.1727294921875,165.99005126953125
146,7.0346614390002475,14,car,2,0.9202377200126648,272.7079772949219,599.8325805664062,850.4445190429688,892.659912109375,561.5762329101562,746.2462158203125,577.736572265625,292.82733154296875
146,7.0346614390002475,2,car,2,0.5413070321083069,822.7503051757812,585.405029296875,1009.504150390625,749.030517578125,916.127197265625,667.2177734375,186.75384521484375,163.62548828125
147,7.08284405159614,14,car,2,0.9016500115394592,297.0081787109375,598.4825439453125,864.0051879882812,890.6649169921875,580.5067138671875,744.57373046875,566.9970092773438,292.182373046875
147,7.08284405159614,2,car,2,0.44633749127388,824.0650634765625,584.9984130859375,1008.6669921875,746.4745483398438,916.3660278320312,665.7364501953125,184.6019287109375,161.47613525390625
148,7.131026664192032,14,car,2,0.9167590141296387,307.7633972167969,597.7867431640625,865.0564575195312,889.2019653320312,586.409912109375,743.494384765625,557.2930908203125,291.41522216796875
148,7.131026664192032,2,car,2,0.5322245359420776,824.5090942382812,585.2645263671875,1007.3720703125,744.7435913085938,915.9405517578125,665.0040283203125,182.86297607421875,159.47906494140625
148,7.131026664192032,41,car,2,0.42377960681915283,747.75732421875,612.0012817382812,833.3084106445312,703.9840698242188,790.5328369140625,657.99267578125,85.55108642578125,91.9827880859375
149,7.179209276787924,14,car,2,0.907218337059021,326.7948913574219,601.8156127929688,869.099853515625,889.47314453125,597.9473876953125,745.6444091796875,542.304931640625,287.65753173828125
150,7.227391889383816,14,car,2,0.90720134973526,346.0791320800781,605.509521484375,869.0347900390625,886.3560180664062,607.5569458007812,745.9327392578125,522.9556884765625,280.84649658203125
150,7.227391889383816,2,car,2,0.42424866557121277,826.0679931640625,587.50830078125,1006.4008178710938,744.76171875,916.234375,666.135009765625,180.33282470703125,157.25341796875
151,7.275574501979708,14,car,2,0.9013699293136597,372.24859619140625,606.711669921875,877.9534301757812,882.0416259765625,625.1010131835938,744.3766479492188,505.704833984375,275.3299560546875
151,7.275574501979708,2,car,2,0.5000362396240234,829.0000610351562,590.3724365234375,1006.653564453125,745.3298950195312,917.8267822265625,667.8511962890625,177.65350341796875,154.95745849609375
152,7.3237571145756,14,car,2,0.9019547700881958,400.6852722167969,612.251708984375,876.2667236328125,873.563232421875,638.4760131835938,742.907470703125,475.5814514160156,261.3115234375
152,7.3237571145756,2,car,2,0.5985611081123352,831.731689453125,592.6690063476562,1008.1981201171875,747.1036376953125,919.9649047851562,669.8863525390625,176.4664306640625,154.43463134765625
153,7.371939727171493,14,car,2,0.8871761560440063,426.4690856933594,610.3972778320312,890.3048706054688,868.4995727539062,658.386962890625,739.4484252929688,463.8357849121094,258.102294921875
153,7.371939727171493,2,car,2,0.44409292936325073,830.8110961914062,595.1743774414062,1003.0013427734375,745.1405639648438,916.90625,670.157470703125,172.19024658203125,149.9661865234375
154,7.420122339767385,14,car,2,0.8743428587913513,441.827880859375,612.2120971679688,899.2598876953125,870.1072387695312,670.5438842773438,741.15966796875,457.4320068359375,257.8951416015625
154,7.420122339767385,2,car,2,0.5285438895225525,829.2132568359375,596.2991943359375,1000.867919921875,745.1365966796875,915.0405883789062,670.7178955078125,171.6546630859375,148.83740234375
155,7.468304952363277,14,car,2,0.9054772853851318,459.4921875,617.3894653320312,897.8817138671875,866.885986328125,678.6869506835938,742.1376953125,438.3895263671875,249.49652099609375
155,7.468304952363277,2,car,2,0.5763759613037109,831.4867553710938,599.585205078125,1001.3482055664062,746.608642578125,916.41748046875,673.096923828125,169.8614501953125,147.0234375
156,7.516487564959169,14,car,2,0.8910455107688904,494.8147277832031,622.409423828125,907.357421875,859.984375,701.0860595703125,741.1968994140625,412.5426940917969,237.574951171875
156,7.516487564959169,2,car,2,0.5026230812072754,832.0362548828125,603.5076904296875,997.30908203125,745.4383544921875,914.6726684570312,674.4730224609375,165.2728271484375,141.9306640625
157,7.564670177555061,14,car,2,0.8726617693901062,513.1231079101562,622.8145141601562,910.232666015625,853.802001953125,711.6778564453125,738.3082275390625,397.10955810546875,230.98748779296875
157,7.564670177555061,2,car,2,0.5168281197547913,836.0755004882812,605.2354125976562,998.9982299804688,744.9253540039062,917.536865234375,675.0803833007812,162.9227294921875,139.68994140625
157,7.564670177555061,43,car,2,0.6072939038276672,470.4156188964844,605.5621948242188,662.8153686523438,723.4811401367188,566.615478515625,664.5216674804688,192.39974975585938,117.9189453125
158,7.612852790150953,14,car,2,0.8883607983589172,526.3186645507812,624.2421264648438,914.1283569335938,852.2443237304688,720.2235107421875,738.2432250976562,387.8096923828125,228.002197265625
158,7.612852790150953,43,car,2,0.6486433148384094,460.807373046875,606.423828125,674.06640625,737.626220703125,567.4368896484375,672.0250244140625,213.259033203125,131.202392578125
159,7.661035402746846,14,car,2,0.8889876008033752,538.949462890625,625.4051513671875,913.175048828125,847.0643310546875,726.062255859375,736.2347412109375,374.2255859375,221.6591796875
159,7.661035402746846,43,car,2,0.4337073862552643,465.01995849609375,606.4033813476562,671.8021850585938,733.9489135742188,568.4110717773438,670.1761474609375,206.7822265625,127.5455322265625
159,7.661035402746846,2,car,2,0.3716892600059509,841.322265625,603.2356567382812,1002.097900390625,741.4482421875,921.7100830078125,672.3419189453125,160.775634765625,138.21258544921875
160,7.709218015342738,14,car,2,0.8817726373672485,545.3421020507812,622.5763549804688,911.7725219726562,841.3014526367188,728.5573120117188,731.9389038085938,366.430419921875,218.72509765625
160,7.709218015342738,43,car,2,0.5224061012268066,470.6347961425781,604.594482421875,671.4535522460938,728.8617553710938,571.044189453125,666.7281494140625,200.81875610351562,124.26727294921875
161,7.75740062793863,14,car,2,0.8893141746520996,559.7610473632812,617.4784545898438,914.213623046875,830.9501953125,736.9873046875,724.21435546875,354.45257568359375,213.47174072265625
161,7.75740062793863,43,car,2,0.6498305797576904,471.1864318847656,601.826904296875,680.5480346679688,732.421875,575.8672485351562,667.1243896484375,209.36160278320312,130.594970703125
161,7.75740062793863,2,car,2,0.4895135164260864,838.4967041015625,593.9158325195312,997.8604736328125,730.9163208007812,918.1785888671875,662.4160766601562,159.36376953125,137.00048828125
162,7.805583240534522,14,car,2,0.8798747658729553,568.1907348632812,615.3717651367188,915.18310546875,825.93408203125,741.6868896484375,720.6529541015625,346.99237060546875,210.56231689453125
162,7.805583240534522,43,car,2,0.5132627487182617,472.9222106933594,600.2680053710938,685.1675415039062,733.7506103515625,579.0448608398438,667.00927734375,212.24533081054688,133.48260498046875
163,7.8537658531304135,14,car,2,0.8931248188018799,575.5535278320312,615.2816772460938,915.9290771484375,823.3803100585938,745.7413330078125,719.3309936523438,340.37554931640625,208.0986328125
163,7.8537658531304135,43,car,2,0.50724196434021,475.92254638671875,600.4912109375,684.0350341796875,732.6393432617188,579.978759765625,666.5653076171875,208.11248779296875,132.14813232421875
164,7.9019484657263055,14,car,2,0.8760190606117249,586.78076171875,615.6954956054688,918.0581665039062,819.8602294921875,752.41943359375,717.77783203125,331.27740478515625,204.16473388671875
164,7.9019484657263055,47,car,2,0.5265495777130127,858.4067993164062,593.8043212890625,990.27734375,676.0108032226562,924.342041015625,634.9075927734375,131.87054443359375,82.20648193359375
164,7.9019484657263055,2,car,2,0.5697000026702881,849.2532958984375,594.1754150390625,1000.2621459960938,725.68408203125,924.7576904296875,659.9297485351562,151.00885009765625,131.5086669921875
165,7.950131078322198,14,car,2,0.8678029179573059,592.2717895507812,614.9059448242188,918.8941040039062,817.7434692382812,755.5829467773438,716.32470703125,326.622314453125,202.8375244140625
165,7.950131078322198,47,car,2,0.4369127154350281,858.7942504882812,593.0753173828125,990.2280883789062,675.002197265625,924.5111694335938,634.0387573242188,131.433837890625,81.9268798828125
165,7.950131078322198,48,car,2,0.6869882941246033,5.198790073394775,653.65625,92.06047058105469,810.82421875,48.62963104248047,732.240234375,86.86167907714844,157.16796875
165,7.950131078322198,2,car,2,0.38863569498062134,856.880126953125,593.1820068359375,997.1146240234375,716.02783203125,926.9973754882812,654.6049194335938,140.2344970703125,122.8458251953125
165,7.950131078322198,43,car,2,0.4236575663089752,483.5865783691406,601.7234497070312,682.6057739257812,729.9013061523438,583.09619140625,665.8123779296875,199.01919555664062,128.1778564453125
166,7.99831369091809,14,car,2,0.8682167530059814,594.4808959960938,614.6378173828125,918.288330078125,817.1347045898438,756.3846435546875,715.88623046875,323.80743408203125,202.49688720703125
166,7.99831369091809,47,car,2,0.4350028932094574,858.9674682617188,592.7722778320312,990.1031494140625,674.4968872070312,924.5352783203125,633.6345825195312,131.13568115234375,81.724609375
166,7.99831369091809,48,car,2,0.6983451247215271,6.053576469421387,654.1953125,92.29985046386719,809.8250122070312,49.17671203613281,732.0101318359375,86.24627685546875,155.62969970703125
166,7.99831369091809,2,car,2,0.39197537302970886,859.858154296875,592.84619140625,995.4774169921875,712.1381225585938,927.6677856445312,652.4921875,135.6192626953125,119.29193115234375
166,7.99831369091809,43,car,2,0.40749895572662354,485.8080749511719,602.2435913085938,680.2747802734375,729.2591552734375,583.0414428710938,665.7513427734375,194.46670532226562,127.01556396484375
167,8.046496303513981,14,car,2,0.8866592049598694,599.8449096679688,612.3423461914062,917.451904296875,812.3680419921875,758.6484375,712.355224609375,317.60699462890625,200.02569580078125
167,8.046496303513981,47,car,2,0.3172537386417389,859.788330078125,590.1033935546875,989.3999633789062,670.9085083007812,924.5941162109375,630.5059814453125,129.61163330078125,80.80511474609375
167,8.046496303513981,48,car,2,0.6369046568870544,12.491350173950195,654.0889282226562,95.88724517822266,803.239501953125,54.18929672241211,728.6641845703125,83.3958969116211,149.15057373046875
167,8.046496303513981,2,car,2,0.38278406858444214,857.0192260742188,590.7301635742188,996.999755859375,715.1693725585938,927.009521484375,652.9497680664062,139.98052978515625,124.439208984375
168,8.094678916109874,14,car,2,0.8924208879470825,609.4219970703125,611.1546630859375,918.913330078125,807.4137573242188,764.1676635742188,709.2841796875,309.4913330078125,196.25909423828125
168,8.094678916109874,48,car,2,0.6851674318313599,18.50422477722168,652.6243896484375,100.497802734375,796.6095581054688,59.501014709472656,724.616943359375,81.99357604980469,143.98516845703125
168,8.094678916109874,2,car,2,0.3458656668663025,856.9259033203125,589.2150268554688,999.3123168945312,717.4658203125,928.119140625,653.3404541015625,142.38641357421875,128.25079345703125
169,8.142861528705767,14,car,2,0.8830523490905762,615.4104614257812,610.7166137695312,919.5866088867188,805.03955078125,767.49853515625,707.8780517578125,304.1761474609375,194.32293701171875
169,8.142861528705767,48,car,2,0.6916220784187317,31.768463134765625,679.3880615234375,99.04700469970703,791.169677734375,65.40773010253906,735.2788696289062,67.2785415649414,111.7816162109375
169,8.142861528705767,2,car,2,0.3024906814098358,859.2828979492188,589.7257690429688,999.3673706054688,717.2835693359375,929.3251342773438,653.504638671875,140.08447265625,127.55780029296875
169,8.142861528705767,43,car,2,0.4731387495994568,504.3392333984375,598.7208862304688,677.3926391601562,712.1748046875,590.865966796875,655.4478759765625,173.05340576171875,113.45391845703125
170,8.191044141301658,14,car,2,0.896038830280304,620.6329345703125,612.302734375,920.4752197265625,805.3313598632812,770.5540771484375,708.8170166015625,299.84228515625,193.02862548828125
170,8.191044141301658,48,car,2,0.8391246795654297,22.256080627441406,640.3212280273438,116.33480834960938,793.5166015625,69.29544067382812,716.9189453125,94.07872772216797,153.19537353515625
170,8.191044141301658,2,car,2,0.6284205317497253,859.5773315429688,592.317138671875,998.9815063476562,720.377685546875,929.2794189453125,656.347412109375,139.4041748046875,128.060546875
171,8.239226753897551,14,car,2,0.8963666558265686,622.789306640625,612.9515991210938,920.3121337890625,805.805908203125,771.5507202148438,709.3787841796875,297.5228271484375,192.85430908203125
171,8.239226753897551,48,car,2,0.8280196785926819,20.00639533996582,632.47265625,121.03536224365234,793.5099487304688,70.52088165283203,712.9913330078125,101.02896881103516,161.03729248046875
171,8.239226753897551,2,car,2,0.6009888052940369,859.2843627929688,593.4951171875,998.7478637695312,722.6903076171875,929.01611328125,658.0927124023438,139.4635009765625,129.1951904296875
171,8.239226753897551,52,car,2,0.4350985288619995,513.5742797851562,638.9588623046875,650.5599365234375,728.7981567382812,582.067138671875,683.8785400390625,136.98565673828125,89.83929443359375
171,8.239226753897551,47,car,2,0.47141382098197937,851.6909790039062,593.119873046875,997.1949462890625,684.517333984375,924.4429931640625,638.818603515625,145.50396728515625,91.3974609375
172,8.287409366493442,14,car,2,0.8907049894332886,628.9354248046875,613.4918212890625,922.14208984375,804.8202514648438,775.5387573242188,709.156005859375,293.2066650390625,191.32843017578125
172,8.287409366493442,48,car,2,0.7640727758407593,23.2506103515625,626.2938232421875,130.8672332763672,792.4710083007812,77.05892181396484,709.3824462890625,107.61662292480469,166.17718505859375
172,8.287409366493442,2,car,2,0.4098023772239685,858.9232177734375,594.94287109375,997.1126098632812,723.6235961914062,928.0179443359375,659.283203125,138.18939208984375,128.68072509765625
173,8.335591979089335,14,car,2,0.8917214274406433,635.645263671875,616.1181030273438,921.4976196289062,803.628173828125,778.5714111328125,709.8731689453125,285.85235595703125,187.51007080078125
173,8.335591979089335,48,car,2,0.8362840414047241,27.506135940551758,633.9237060546875,135.88722229003906,794.2919311523438,81.6966781616211,714.1077880859375,108.38108825683594,160.36822509765625
173,8.335591979089335,2,car,2,0.4824143052101135,861.2137451171875,598.72509765625,995.6203002929688,724.3489990234375,928.4169921875,661.5370483398438,134.40655517578125,125.6239013671875
173,8.335591979089335,43,car,2,0.4309028089046478,508.5906677246094,603.9853515625,694.471435546875,727.4674682617188,601.5310668945312,665.7264404296875,185.88076782226562,123.48211669921875
174,8.383774591685228,14,car,2,0.8807624578475952,640.7779541015625,618.7725219726562,921.1089477539062,803.5829467773438,780.9434814453125,711.177734375,280.33099365234375,184.8104248046875
174,8.383774591685228,48,car,2,0.7263050079345703,32.88567352294922,652.9301147460938,136.1259002685547,796.828125,84.50578308105469,724.879150390625,103.24022674560547,143.89801025390625
174,8.383774591685228,2,car,2,0.5633218884468079,863.890625,602.3109741210938,993.428466796875,723.5999145507812,928.6595458984375,662.9554443359375,129.537841796875,121.2889404296875
175,8.431957204281119,14,car,2,0.8960800170898438,643.9959106445312,620.3291625976562,921.6123657226562,804.3910522460938,782.8041381835938,712.360107421875,277.616455078125,184.0618896484375
175,8.431957204281119,48,car,2,0.5819628238677979,27.805503845214844,636.6463623046875,147.41241455078125,797.959228515625,87.60896301269531,717.3027954101562,119.6069107055664,161.3128662109375
175,8.431957204281119,2,car,2,0.5110849142074585,869.40771484375,614.8599853515625,988.3670043945312,725.1546020507812,928.8873291015625,670.00732421875,118.95928955078125,110.29461669921875
175,8.431957204281119,43,car,2,0.37829309701919556,521.0858764648438,614.8882446289062,685.338623046875,723.8919067382812,603.2122802734375,669.3900756835938,164.25274658203125,109.003662109375
176,8.480139816877012,14,car,2,0.8824248909950256,648.0096435546875,622.5147094726562,920.7589111328125,804.2300415039062,784.38427734375,713.3723754882812,272.749267578125,181.71533203125
176,8.480139816877012,48,car,2,0.6381214261054993,26.550912857055664,629.8729248046875,155.25718688964844,797.5924682617188,90.904052734375,713.732666015625,128.70626831054688,167.71954345703125
176,8.480139816877012,2,car,2,0.5363918542861938,882.2586059570312,629.99658203125,985.2655029296875,725.3438720703125,933.7620849609375,677.6702270507812,103.00689697265625,95.3472900390625
176,8.480139816877012,43,car,2,0.437759667634964,520.4838256835938,615.96435546875,691.6387329101562,730.2772216796875,606.061279296875,673.1207885742188,171.1549072265625,114.3128662109375
177,8.528322429472903,14,car,2,0.8849483132362366,649.5215454101562,621.4618530273438,922.3505249023438,804.4324340820312,785.93603515625,712.9471435546875,272.8289794921875,182.9705810546875
177,8.528322429472903,48,car,2,0.8641811609268188,24.780620574951172,625.4411010742188,163.0111541748047,800.25439453125,93.89588928222656,712.8477783203125,138.23052978515625,174.81329345703125
177,8.528322429472903,2,car,2,0.49953535199165344,892.1925659179688,638.603759765625,984.3992919921875,724.0731201171875,938.2958984375,681.3384399414062,92.20672607421875,85.4693603515625
178,8.576505042068796,14,car,2,0.8811225295066833,654.829833984375,621.498046875,922.5989379882812,801.9829711914062,788.71435546875,711.740478515625,267.76910400390625,180.48492431640625
178,8.576505042068796,48,car,2,0.8429685831069946,23.964326858520508,626.7491455078125,167.57765197753906,802.9522094726562,95.77098846435547,714.8507080078125,143.6133270263672,176.20306396484375
178,8.576505042068796,47,car,2,0.4445638060569763,840.0902099609375,609.306640625,1009.7926635742188,720.282958984375,924.94140625,664.7947998046875,169.70245361328125,110.976318359375
179,8.624687654664687,14,car,2,0.8661634922027588,659.2948608398438,619.4478149414062,925.6847534179688,800.3646240234375,792.4898071289062,709.90625,266.389892578125,180.91680908203125
179,8.624687654664687,48,car,2,0.8946834802627563,23.430408477783203,621.2941284179688,175.48138427734375,802.607421875,99.45589447021484,711.9508056640625,152.0509796142578,181.31329345703125
179,8.624687654664687,47,car,2,0.35325562953948975,837.720703125,605.2675170898438,1009.5570678710938,721.8536376953125,923.638916015625,663.560546875,171.83636474609375,116.58612060546875
180,8.67287026726058,14,car,2,0.8835068941116333,664.601806640625,618.6072998046875,926.21240234375,797.1425170898438,795.4071044921875,707.8748779296875,261.610595703125,178.53521728515625
180,8.67287026726058,48,car,2,0.7609068155288696,22.494136810302734,615.6094360351562,181.1002197265625,799.6841430664062,101.79718017578125,707.6467895507812,158.6060791015625,184.07470703125
180,8.67287026726058,47,car,2,0.3873666524887085,838.5634155273438,602.3895874023438,1007.353271484375,720.63623046875,922.9583740234375,661.512939453125,168.78985595703125,118.24664306640625
181,8.721052879856472,14,car,2,0.8632269501686096,666.9454956054688,616.13525390625,926.7591552734375,794.3782958984375,796.852294921875,705.2567749023438,259.81365966796875,178.2430419921875
181,8.721052879856472,48,car,2,0.7403461933135986,20.097225189208984,612.7815551757812,188.17356872558594,803.6427612304688,104.1353988647461,708.212158203125,168.0763397216797,190.8612060546875
181,8.721052879856472,47,car,2,0.30839604139328003,843.5007934570312,606.5250854492188,1001.59130859375,719.84765625,922.5460205078125,663.1864013671875,158.09051513671875,113.32257080078125
182,8.769235492452363,14,car,2,0.8616655468940735,670.8209228515625,615.0967407226562,926.2182006835938,790.952880859375,798.51953125,703.0247802734375,255.39727783203125,175.85614013671875
182,8.769235492452363,48,car,2,0.8101822137832642,18.238985061645508,611.3667602539062,195.3889617919922,808.6846313476562,106.81397247314453,710.0256958007812,177.1499786376953,197.31787109375
182,8.769235492452363,47,car,2,0.35801541805267334,845.7783203125,606.1162109375,999.6096801757812,718.9044189453125,922.6939697265625,662.5103149414062,153.83135986328125,112.7882080078125
183,8.817418105048256,14,car,2,0.8592278361320496,673.8566284179688,614.771728515625,930.0044555664062,792.4249267578125,801.9305419921875,703.5983276367188,256.1478271484375,177.6531982421875
183,8.817418105048256,48,car,2,0.8155868649482727,19.508342742919922,612.5532836914062,199.3562774658203,808.2216186523438,109.43231201171875,710.387451171875,179.84793090820312,195.6683349609375
183,8.817418105048256,47,car,2,0.49699831008911133,839.969482421875,599.8870239257812,999.0761108398438,718.7164916992188,919.5228271484375,659.3017578125,159.10662841796875,118.8294677734375
184,8.865600717644147,14,car,2,0.8490715622901917,679.3645629882812,617.3817749023438,929.5955810546875,791.60693359375,804.4801025390625,704.494384765625,250.23101806640625,174.22515869140625
184,8.865600717644147,48,car,2,0.7866908311843872,24.331918716430664,614.342529296875,206.50306701660156,806.3657836914062,115.41749572753906,710.3541259765625,182.171142578125,192.02325439453125
184,8.865600717644147,47,car,2,0.44972139596939087,848.6538696289062,610.0827026367188,994.100341796875,719.912109375,921.3770751953125,664.9974365234375,145.44647216796875,109.82940673828125
185,8.91378333024004,14,car,2,0.8136476278305054,681.8978881835938,617.9486694335938,932.4600219726562,793.6700439453125,807.178955078125,705.809326171875,250.5621337890625,175.72137451171875
185,8.91378333024004,48,car,2,0.7497110366821289,25.5565242767334,615.0743408203125,213.3063201904297,807.265625,119.4314193725586,711.1699829101562,187.7498016357422,192.1912841796875
185,8.91378333024004,47,car,2,0.4412880539894104,860.4964599609375,622.4312133789062,990.1155395507812,720.980224609375,925.3060302734375,671.7056884765625,129.61907958984375,98.54901123046875
186,8.961965942835933,14,car,2,0.8526785373687744,689.691162109375,621.4733276367188,929.8145751953125,790.166015625,809.7528686523438,705.8197021484375,240.1234130859375,168.69268798828125
186,8.961965942835933,48,car,2,0.7557371854782104,28.418933868408203,619.7449340820312,217.10037231445312,806.35302734375,122.75965118408203,713.0489501953125,188.6814422607422,186.60809326171875
186,8.961965942835933,47,car,2,0.5734533071517944,860.1522827148438,619.53564453125,992.704833984375,721.9554443359375,926.4285888671875,670.7455444335938,132.55255126953125,102.4197998046875
187,9.010148555431824,14,car,2,0.8171637654304504,694.080078125,625.4887084960938,926.7564697265625,788.9384765625,810.4182739257812,707.213623046875,232.6763916015625,163.44976806640625
187,9.010148555431824,48,car,2,0.7589519619941711,29.624099731445312,621.3021850585938,221.9059600830078,805.2264404296875,125.76502990722656,713.2642822265625,192.2818603515625,183.92425537109375
187,9.010148555431824,47,car,2,0.6089343428611755,860.3029174804688,617.822998046875,993.2533569335938,722.1451416015625,926.7781372070312,669.9840698242188,132.950439453125,104.3221435546875
188,9.058331168027717,14,car,2,0.8149021863937378,699.5078125,626.7144165039062,928.4796142578125,787.868896484375,813.9937133789062,707.2916259765625,228.9718017578125,161.15447998046875
188,9.058331168027717,48,car,2,0.7527673244476318,33.61692428588867,622.324462890625,228.19924926757812,801.1891479492188,130.9080810546875,711.7568359375,194.5823211669922,178.86468505859375
188,9.058331168027717,47,car,2,0.49968430399894714,875.526611328125,628.63671875,993.7611083984375,723.1906127929688,934.6438598632812,675.9136962890625,118.2344970703125,94.55389404296875
188,9.058331168027717,43,car,2,0.48840591311454773,552.6085205078125,618.4193725585938,719.745849609375,731.861083984375,636.1771850585938,675.1402587890625,167.1373291015625,113.44171142578125
189,9.106513780623608,14,car,2,0.8055969476699829,707.5697631835938,624.1703491210938,927.603271484375,778.8251953125,817.5865478515625,701.497802734375,220.03350830078125,154.65484619140625
189,9.106513780623608,48,car,2,0.7010835409164429,49.69008255004883,654.7808227539062,220.06295776367188,798.25048828125,134.87652587890625,726.515625,170.3728790283203,143.46966552734375
189,9.106513780623608,47,car,2,0.4045104384422302,864.79833984375,620.244873046875,990.8223266601562,721.8319702148438,927.810302734375,671.0384521484375,126.02398681640625,101.58709716796875
189,9.106513780623608,43,car,2,0.5198788642883301,554.2752685546875,616.8035278320312,722.21923828125,732.1903686523438,638.2472534179688,674.4969482421875,167.9439697265625,115.3868408203125
190,9.154696393219501,14,car,2,0.8143773674964905,712.7575073242188,623.7227172851562,927.0556640625,773.926025390625,819.9066162109375,698.8243408203125,214.29815673828125,150.20330810546875
190,9.154696393219501,48,car,2,0.834096372127533,36.94548034667969,630.3019409179688,240.3572540283203,796.48583984375,138.6513671875,713.3939208984375,203.41177368164062,166.18389892578125
190,9.154696393219501,47,car,2,0.574554979801178,863.5061645507812,618.08642578125,989.7080078125,720.6500854492188,926.6070556640625,669.3682861328125,126.20184326171875,102.56365966796875
190,9.154696393219501,43,car,2,0.5471920967102051,557.8939819335938,615.706787109375,724.3007202148438,730.4054565429688,641.0973510742188,673.05615234375,166.40673828125,114.69866943359375
191,9.202879005815392,14,car,2,0.8151313662528992,714.206298828125,623.556884765625,927.0756225585938,772.4074096679688,820.6409912109375,697.982177734375,212.86932373046875,148.85052490234375
191,9.202879005815392,48,car,2,0.8399858474731445,31.839740753173828,623.4303588867188,248.96954345703125,796.051025390625,140.40464782714844,709.74072265625,217.1298065185547,172.62066650390625
191,9.202879005815392,47,car,2,0.5792869925498962,862.9537353515625,617.322998046875,988.5830688476562,720.097900390625,925.7684326171875,668.71044921875,125.62933349609375,102.77490234375
191,9.202879005815392,43,car,2,0.5434672236442566,558.7276611328125,615.2066650390625,724.5943603515625,729.7353515625,641.6610107421875,672.4710083007812,165.86669921875,114.5286865234375
192,9.251061618411285,14,car,2,0.8244967460632324,712.565673828125,623.4346313476562,931.5736083984375,777.0482788085938,822.0696411132812,700.241455078125,219.0079345703125,153.6136474609375
192,9.251061618411285,48,car,2,0.7592416405677795,33.028045654296875,620.878173828125,256.08349609375,792.6898193359375,144.55577087402344,706.7839965820312,223.05545043945312,171.8116455078125
192,9.251061618411285,47,car,2,0.4858703017234802,861.8153686523438,616.7606201171875,986.8936767578125,719.3345336914062,924.3544921875,668.047607421875,125.07830810546875,102.57391357421875
192,9.251061618411285,43,car,2,0.47293949127197266,562.0873413085938,617.12939453125,722.3272094726562,727.0074462890625,642.207275390625,672.0684204101562,160.2398681640625,109.8780517578125
193,9.299244231007178,14,car,2,0.8299500942230225,713.1939697265625,624.7023315429688,932.7601318359375,779.0166015625,822.97705078125,701.8594970703125,219.566162109375,154.31427001953125
193,9.299244231007178,48,car,2,0.7551888823509216,39.70013427734375,622.8413696289062,261.8814392089844,788.6046142578125,150.79078674316406,705.7230224609375,222.18130493164062,165.76324462890625
193,9.299244231007178,47,car,2,0.471517950296402,861.450927734375,616.2802734375,986.1708374023438,718.8184204101562,923.8109130859375,667.54931640625,124.71990966796875,102.53814697265625
193,9.299244231007178,43,car,2,0.4895080327987671,564.709228515625,617.4940185546875,721.2606201171875,723.5719604492188,642.9849243164062,670.532958984375,156.5513916015625,106.07794189453125
194,9.347426843603069,14,car,2,0.7811660170555115,711.8079223632812,623.2168579101562,936.8715209960938,782.5029907226562,824.3397216796875,702.8599243164062,225.0635986328125,159.2861328125
194,9.347426843603069,48,car,2,0.579437792301178,46.75481414794922,625.7548217773438,268.73663330078125,785.9719848632812,157.7457275390625,705.8634033203125,221.9818115234375,160.2171630859375
194,9.347426843603069,47,car,2,0.32186079025268555,868.1360473632812,623.246826171875,984.9644165039062,719.2974853515625,926.5502319335938,671.2721557617188,116.828369140625,96.0506591796875
194,9.347426843603069,43,car,2,0.40800702571868896,564.58984375,616.9517822265625,723.3284912109375,724.127197265625,643.9591674804688,670.5394897460938,158.7386474609375,107.1754150390625
195,9.395609456198962,14,car,2,0.7241296172142029,713.2593994140625,623.8457641601562,935.8416137695312,781.964599609375,824.550537109375,702.9051513671875,222.58221435546875,158.11883544921875
195,9.395609456198962,48,car,2,0.6672065854072571,48.3076286315918,623.446044921875,276.3386535644531,782.9173583984375,162.32313537597656,703.1817016601562,228.03102111816406,159.4713134765625
195,9.395609456198962,47,car,2,0.39743587374687195,870.126708984375,622.9586181640625,986.1771240234375,719.0222778320312,928.1519165039062,670.990478515625,116.0504150390625,96.06365966796875
195,9.395609456198962,43,car,2,0.3068407475948334,563.3538208007812,618.0947265625,721.738525390625,724.1843872070312,642.546142578125,671.1395263671875,158.38470458984375,106.08966064453125
196,9.443792068794853,14,car,2,0.8056710362434387,714.9931030273438,626.58056640625,934.052734375,782.4150390625,824.52294921875,704.497802734375,219.05963134765625,155.83447265625
196,9.443792068794853,48,car,2,0.7434160113334656,51.10569763183594,621.3186645507812,285.7281188964844,781.525634765625,168.41690063476562,701.422119140625,234.62242126464844,160.20697021484375
196,9.443792068794853,47,car,2,0.4632158875465393,864.734130859375,619.5153198242188,984.528076171875,718.874267578125,924.631103515625,669.19482421875,119.7939453125,99.35894775390625
196,9.443792068794853,43,car,2,0.46855977177619934,564.8187255859375,618.0155639648438,723.8240966796875,724.4339599609375,644.3214111328125,671.2247314453125,159.00537109375,106.41839599609375
197,9.491974681390746,14,car,2,0.7795534729957581,715.5216064453125,627.1011962890625,932.3255004882812,781.32470703125,823.923583984375,704.2129516601562,216.80389404296875,154.2235107421875
197,9.491974681390746,48,car,2,0.8610355854034424,41.19607925415039,619.6031494140625,287.2644348144531,782.62548828125,164.23025512695312,701.1143188476562,246.068359375,163.0223388671875
197,9.491974681390746,47,car,2,0.35847389698028564,861.4537963867188,619.5603637695312,982.4781494140625,719.6692504882812,921.9659423828125,669.6148071289062,121.02435302734375,100.10888671875
197,9.491974681390746,43,car,2,0.4891420006752014,565.7410278320312,618.2347412109375,726.5346069335938,726.4747314453125,646.1378173828125,672.354736328125,160.7935791015625,108.239990234375
198,9.540157293986638,14,car,2,0.7972027063369751,713.77392578125,626.0167846679688,934.83154296875,783.7938232421875,824.302734375,704.9052734375,221.0576171875,157.77703857421875
198,9.540157293986638,48,car,2,0.717657208442688,38.068580627441406,620.21484375,288.1376647949219,781.2551879882812,163.10311889648438,700.7349853515625,250.069091796875,161.04034423828125
198,9.540157293986638,47,car,2,0.5546054244041443,859.4320068359375,618.9442138671875,982.5924072265625,720.7254638671875,921.01220703125,669.8348388671875,123.160400390625,101.78125
199,9.58833990658253,14,car,2,0.7126772403717041,710.5127563476562,625.1323852539062,942.9133911132812,792.74609375,826.7130737304688,708.939208984375,232.400634765625,167.61370849609375
199,9.58833990658253,48,car,2,0.6632381677627563,69.54366302490234,623.9871826171875,310.98480224609375,778.212646484375,190.2642364501953,701.0999145507812,241.44113159179688,154.2254638671875
199,9.58833990658253,47,car,2,0.45496469736099243,861.80419921875,618.4287719726562,984.6319580078125,720.392578125,923.2180786132812,669.41064453125,122.8277587890625,101.96380615234375
200,9.636522519178422,14,car,2,0.6404138207435608,711.9873657226562,626.5809326171875,941.8822631835938,793.5589599609375,826.934814453125,710.0699462890625,229.8948974609375,166.97802734375
200,9.636522519178422,48,car,2,0.7279127836227417,84.1710205078125,625.2091064453125,321.4421691894531,775.6072387695312,202.8065948486328,700.408203125,237.27114868164062,150.39813232421875
200,9.636522519178422,47,car,2,0.45135414600372314,862.2782592773438,618.630615234375,983.8201293945312,719.472412109375,923.0491943359375,669.051513671875,121.5418701171875,100.841796875
200,9.636522519178422,43,car,2,0.3021559715270996,563.3699951171875,612.3184814453125,729.7256469726562,725.0828857421875,646.5478515625,668.70068359375,166.35565185546875,112.764404296875
201,9.684705131774313,14,car,2,0.7174155712127686,715.4995727539062,625.7493286132812,939.291748046875,788.7113037109375,827.3956298828125,707.2303466796875,223.79217529296875,162.96197509765625
201,9.684705131774313,48,car,2,0.6152156591415405,90.12308502197266,624.7803344726562,328.6921691894531,775.177001953125,209.40762329101562,699.9786376953125,238.569091796875,150.39666748046875
201,9.684705131774313,47,car,2,0.44304168224334717,863.9917602539062,620.1480102539062,983.2606811523438,719.070556640625,923.626220703125,669.6092529296875,119.2689208984375,98.92254638671875
202,9.732887744370206,14,car,2,0.6012680530548096,718.7372436523438,626.09814453125,936.1224365234375,784.2786865234375,827.4298095703125,705.1884155273438,217.38519287109375,158.1805419921875
202,9.732887744370206,48,car,2,0.6890904903411865,99.02389526367188,622.7930297851562,337.32623291015625,772.6095581054688,218.17506408691406,697.7012939453125,238.30233764648438,149.8165283203125
202,9.732887744370206,47,car,2,0.40833964943885803,864.1876831054688,620.7294921875,982.8882446289062,719.0750732421875,923.5379638671875,669.9022827148438,118.7005615234375,98.3455810546875
203,9.781070356966097,14,car,2,0.5727561116218567,719.095458984375,627.0609741210938,935.6791381835938,784.866455078125,827.3873291015625,705.9637451171875,216.58367919921875,157.80548095703125
203,9.781070356966097,48,car,2,0.6844413876533508,100.85482788085938,621.7429809570312,340.0196838378906,771.6731567382812,220.437255859375,696.7080688476562,239.16485595703125,149.93017578125
203,9.781070356966097,47,car,2,0.39066174626350403,864.6603393554688,621.344482421875,982.7766723632812,719.1194458007812,923.718505859375,670.23193359375,118.1163330078125,97.77496337890625
204,9.82925296956199,14,car,2,0.7237680554389954,721.082763671875,624.1931762695312,935.7223510742188,780.4251708984375,828.402587890625,702.3092041015625,214.63958740234375,156.23199462890625
204,9.82925296956199,48,car,2,0.6744840741157532,109.41121673583984,622.2838745117188,344.6343078613281,768.8132934570312,227.02276611328125,695.548583984375,235.22308349609375,146.5294189453125
204,9.82925296956199,43,car,2,0.3085065186023712,572.5739135742188,615.0465087890625,730.3858642578125,722.9163208007812,651.4798583984375,668.9814453125,157.81195068359375,107.86981201171875
205,9.877435582157883,14,car,2,0.6008607745170593,722.6314697265625,622.4180297851562,935.4833374023438,777.168212890625,829.057373046875,699.7930908203125,212.85186767578125,154.75018310546875
205,9.877435582157883,48,car,2,0.6256398558616638,95.38824462890625,617.2064208984375,340.1114501953125,766.728515625,217.74984741210938,691.9674682617188,244.72320556640625,149.5220947265625
205,9.877435582157883,43,car,2,0.4670606851577759,573.3364868164062,614.0044555664062,729.95458984375,721.385986328125,651.6455078125,667.6951904296875,156.61810302734375,107.38153076171875
206,9.925618194753774,14,car,2,0.7212844491004944,722.1116943359375,620.9583740234375,935.7262573242188,776.0415649414062,828.9189453125,698.5,213.61456298828125,155.08319091796875
206,9.925618194753774,48,car,2,0.71634441614151,90.31519317626953,612.81005859375,343.67498779296875,765.3153076171875,216.99508666992188,689.0626831054688,253.35980224609375,152.5052490234375
206,9.925618194753774,43,car,2,0.4301833510398865,572.3492431640625,612.821044921875,727.7178955078125,719.779296875,650.0335693359375,666.3001708984375,155.36865234375,106.958251953125
206,9.925618194753774,47,car,2,0.34279924631118774,870.8184814453125,618.5096435546875,983.8868408203125,712.2594604492188,927.3526611328125,665.384521484375,113.068359375,93.74981689453125
207,9.973800807349667,14,car,2,0.7117818593978882,721.5880126953125,620.39013671875,935.8463745117188,775.7357177734375,828.7171630859375,698.0629272460938,214.25836181640625,155.3455810546875
207,9.973800807349667,48,car,2,0.7205737829208374,87.43473052978516,611.746826171875,345.535888671875,764.9324340820312,216.4853057861328,688.339599609375,258.1011657714844,153.18560791015625
207,9.973800807349667,43,car,2,0.3814704418182373,573.52001953125,614.746337890625,724.8333740234375,718.7578125,649.1766967773438,666.7520751953125,151.3133544921875,104.011474609375
207,9.973800807349667,47,car,2,0.32729214429855347,871.85302734375,618.0204467773438,984.0857543945312,711.2128295898438,927.9693603515625,664.6166381835938,112.23272705078125,93.1923828125
208,10.021983419945558,14,car,2,0.7036415934562683,720.9613037109375,619.2197265625,936.957763671875,775.7805786132812,828.9595336914062,697.5001220703125,215.9964599609375,156.56085205078125
208,10.021983419945558,48,car,2,0.7248145341873169,92.10633087158203,613.6513061523438,346.1828308105469,761.7976684570312,219.1445770263672,687.7244873046875,254.07650756835938,148.1463623046875
208,10.021983419945558,43,car,2,0.4873519539833069,579.405517578125,631.870849609375,703.968994140625,716.4710693359375,641.687255859375,674.1709594726562,124.5634765625,84.6002197265625
208,10.021983419945558,47,car,2,0.44725775718688965,877.8009643554688,616.2227172851562,988.5445556640625,709.7565307617188,933.1727294921875,662.9896240234375,110.74359130859375,93.5338134765625
209,10.07016603254145,14,car,2,0.6783762574195862,718.768798828125,616.5364990234375,938.8724975585938,776.241943359375,828.8206787109375,696.3892211914062,220.10369873046875,159.7054443359375
209,10.07016603254145,48,car,2,0.6563754677772522,102.41998291015625,615.0596923828125,348.3609924316406,755.65234375,225.39048767089844,685.3560180664062,245.94100952148438,140.5926513671875
209,10.07016603254145,43,car,2,0.6389274597167969,584.8965454101562,637.6181640625,693.57421875,710.4496459960938,639.2353515625,674.033935546875,108.67767333984375,72.83148193359375
209,10.07016603254145,47,car,2,0.5287551283836365,884.333251953125,617.046630859375,989.3704833984375,707.2312622070312,936.8518676757812,662.138916015625,105.0372314453125,90.18463134765625
210,10.118348645137344,14,car,2,0.6899712681770325,720.5731811523438,618.0208129882812,937.7232666015625,775.1903076171875,829.148193359375,696.6055908203125,217.15008544921875,157.16949462890625
210,10.118348645137344,48,car,2,0.6343223452568054,107.3757553100586,614.9755859375,355.3536376953125,754.5277709960938,231.3647003173828,684.751708984375,247.97787475585938,139.55218505859375
210,10.118348645137344,43,car,2,0.5974428057670593,586.8128662109375,641.6213989257812,691.2218627929688,710.5106811523438,639.017333984375,676.0660400390625,104.40899658203125,68.8892822265625
210,10.118348645137344,47,car,2,0.4816971719264984,887.4649047851562,618.4108276367188,989.4034423828125,707.0514526367188,938.4342041015625,662.7311401367188,101.93853759765625,88.640625
211,10.166531257733235,14,car,2,0.7288116216659546,720.9177856445312,618.3857421875,937.5706176757812,774.9191284179688,829.2442016601562,696.6524658203125,216.65283203125,156.53338623046875
211,10.166531257733235,48,car,2,0.6596002578735352,108.08430480957031,615.0279541015625,358.9102783203125,754.1884155273438,233.49728393554688,684.608154296875,250.8259735107422,139.16046142578125
211,10.166531257733235,43,car,2,0.5835431814193726,586.802978515625,642.7723999023438,691.248291015625,710.7730712890625,639.025634765625,676.772705078125,104.4453125,68.00067138671875
211,10.166531257733235,47,car,2,0.4672018885612488,888.4019775390625,618.3969116210938,989.1502075195312,707.0198974609375,938.776123046875,662.7083740234375,100.74822998046875,88.62298583984375
212,10.214713870329128,14,car,2,0.736746072769165,721.1680297851562,628.0044555664062,939.7547607421875,785.8492431640625,830.46142578125,706.9268798828125,218.58673095703125,157.84478759765625
212,10.214713870329128,48,car,2,0.5936920642852783,144.95330810546875,622.1651611328125,384.9905700683594,757.5819091796875,264.971923828125,689.87353515625,240.03726196289062,135.416748046875
212,10.214713870329128,43,car,2,0.31660857796669006,584.8223876953125,646.8181762695312,686.6317749023438,711.7612915039062,635.72705078125,679.2897338867188,101.80938720703125,64.943115234375
212,10.214713870329128,47,car,2,0.4713546335697174,886.3758544921875,622.6832275390625,989.6535034179688,714.63232421875,938.0146484375,668.6577758789062,103.27764892578125,91.9490966796875
213,10.262896482925019,14,car,2,0.7673980593681335,720.9240112304688,629.7395629882812,942.3558349609375,789.8036499023438,831.639892578125,709.7716064453125,221.43182373046875,160.0640869140625
213,10.262896482925019,48,car,2,0.51034015417099,164.6486053466797,626.8256225585938,392.7489013671875,757.1989135742188,278.6987609863281,692.0122680664062,228.1002960205078,130.373291015625
213,10.262896482925019,43,car,2,0.3843904733657837,577.4293212890625,647.930419921875,691.6582641601562,720.3012084960938,634.5438232421875,684.1158447265625,114.22894287109375,72.37078857421875
213,10.262896482925019,47,car,2,0.5332830548286438,887.6978759765625,623.0189819335938,992.259521484375,717.8953857421875,939.9786987304688,670.4571533203125,104.5616455078125,94.87640380859375
214,10.311079095520912,14,car,2,0.8060480356216431,720.9317626953125,630.4638671875,944.4309692382812,792.2476196289062,832.681396484375,711.355712890625,223.49920654296875,161.78375244140625
214,10.311079095520912,48,car,2,0.6447455883026123,149.33030700683594,625.5864868164062,379.9375305175781,756.2496337890625,264.6339111328125,690.9180908203125,230.6072235107422,130.66314697265625
214,10.311079095520912,43,car,2,0.5050650238990784,574.6458740234375,647.2705078125,694.5704345703125,722.5310668945312,634.608154296875,684.9007568359375,119.924560546875,75.26055908203125
214,10.311079095520912,47,car,2,0.44753316044807434,886.8570556640625,624.5011596679688,989.7352905273438,718.3526000976562,938.296142578125,671.4268798828125,102.87823486328125,93.8514404296875
215,10.359261708116803,14,car,2,0.8756614327430725,724.7994995117188,623.4285278320312,947.1544799804688,783.9620361328125,835.9769897460938,703.6953125,222.35498046875,160.53350830078125
215,10.359261708116803,48,car,2,0.6217091083526611,135.81158447265625,612.9837036132812,373.4124450683594,746.5921630859375,254.6120147705078,679.7879638671875,237.60086059570312,133.60845947265625
215,10.359261708116803,43,car,2,0.45156386494636536,568.0750122070312,636.4556274414062,690.4527587890625,712.9539184570312,629.263916015625,674.7047729492188,122.37774658203125,76.498291015625
215,10.359261708116803,47,car,2,0.3527370095252991,899.1935424804688,624.62646484375,991.2930908203125,709.4182739257812,945.2432861328125,667.0223388671875,92.09954833984375,84.79180908203125
216,10.407444320712695,14,car,2,0.8857100605964661,726.4041137695312,619.5364379882812,950.2650146484375,781.0816650390625,838.3345947265625,700.30908203125,223.86090087890625,161.54522705078125
216,10.407444320712695,48,car,2,0.49757033586502075,132.9296875,608.950927734375,370.92120361328125,741.6404418945312,251.92544555664062,675.295654296875,237.99151611328125,132.68951416015625
216,10.407444320712695,43,car,2,0.5905202031135559,558.6696166992188,624.2438354492188,692.5892333984375,708.5325317382812,625.62939453125,666.38818359375,133.91961669921875,84.2886962890625
216,10.407444320712695,47,car,2,0.3639373779296875,893.9422607421875,611.2848510742188,994.591552734375,705.278076171875,944.2669067382812,658.281494140625,100.6492919921875,93.99322509765625
217,10.455626933308588,14,car,2,0.8319087028503418,728.4444580078125,621.1885375976562,952.9778442382812,782.7534790039062,840.711181640625,701.9710083007812,224.53338623046875,161.56494140625
217,10.455626933308588,48,car,2,0.44452404975891113,127.91075897216797,609.5835571289062,365.6503601074219,740.6631469726562,246.7805633544922,675.1233520507812,237.73959350585938,131.07958984375
217,10.455626933308588,43,car,2,0.6303572058677673,557.3848876953125,627.7089233398438,683.6416625976562,706.970947265625,620.5133056640625,667.3399658203125,126.25677490234375,79.26202392578125
218,10.50380954590448,14,car,2,0.8286505937576294,729.1307373046875,621.94140625,954.0579833984375,783.3111572265625,841.5943603515625,702.6262817382812,224.92724609375,161.3697509765625
218,10.50380954590448,48,car,2,0.46685507893562317,124.39472198486328,609.435791015625,364.5652770996094,740.53173828125,244.47999572753906,674.9837646484375,240.17056274414062,131.095947265625
218,10.50380954590448,43,car,2,0.6440755724906921,555.7344970703125,628.4633178710938,680.8699340820312,706.98779296875,618.30224609375,667.7255859375,125.13543701171875,78.52447509765625
219,10.551992158500372,14,car,2,0.8544185757637024,726.8989868164062,621.547607421875,959.5875854492188,788.6923217773438,843.2432861328125,705.1199951171875,232.6885986328125,167.14471435546875
219,10.551992158500372,48,car,2,0.47836223244667053,122.50486755371094,611.7730712890625,363.568359375,742.35107421875,243.03662109375,677.0620727539062,241.06349182128906,130.5780029296875
219,10.551992158500372,43,car,2,0.5148533582687378,551.516845703125,629.7177124023438,681.3871459960938,711.447998046875,616.4520263671875,670.5828857421875,129.87030029296875,81.73028564453125
220,10.600174771096263,14,car,2,0.861745297908783,728.8525390625,624.051025390625,968.1798706054688,796.0454711914062,848.5162353515625,710.0482177734375,239.32733154296875,171.99444580078125
220,10.600174771096263,48,car,2,0.6209321022033691,118.55509185791016,613.8844604492188,361.365478515625,744.589111328125,239.9602813720703,679.23681640625,242.81039428710938,130.70465087890625
220,10.600174771096263,43,car,2,0.561198353767395,541.74658203125,634.2071533203125,674.7028198242188,718.9013061523438,608.2247314453125,676.55419921875,132.95623779296875,84.69415283203125
221,10.648357383692156,14,car,2,0.8232643008232117,731.4541625976562,624.33154296875,972.1492309570312,797.153076171875,851.8016967773438,710.7423095703125,240.695068359375,172.821533203125
221,10.648357383692156,48,car,2,0.5198153257369995,116.19105529785156,615.299560546875,360.4241638183594,746.1683349609375,238.3076171875,680.7339477539062,244.2331085205078,130.8687744140625
221,10.648357383692156,43,car,2,0.48364126682281494,541.9359741210938,636.7409057617188,661.6100463867188,712.3643188476562,601.7730102539062,674.5526123046875,119.674072265625,75.6234130859375
222,10.696539996288049,14,car,2,0.8278443217277527,731.2449951171875,624.888671875,974.7510986328125,799.834716796875,852.998046875,712.3616943359375,243.506103515625,174.946044921875
222,10.696539996288049,48,car,2,0.528931200504303,133.74490356445312,616.1919555664062,372.02459716796875,745.4534301757812,252.88475036621094,680.8226928710938,238.27969360351562,129.261474609375
222,10.696539996288049,43,car,2,0.5298471450805664,536.097412109375,632.1835327148438,661.1901245117188,711.6273193359375,598.643798828125,671.9053955078125,125.09271240234375,79.44378662109375
223,10.74472260888394,14,car,2,0.786247968673706,733.4369506835938,624.8844604492188,976.8209838867188,799.4713745117188,855.1289672851562,712.1779174804688,243.384033203125,174.5869140625
223,10.74472260888394,48,car,2,0.3781556189060211,119.906005859375,615.2091064453125,360.8206787109375,745.236328125,240.36334228515625,680.2227172851562,240.9146728515625,130.0272216796875
223,10.74472260888394,43,car,2,0.5820825099945068,519.6809692382812,617.899658203125,671.8600463867188,717.4510498046875,595.7705078125,667.6753540039062,152.1790771484375,99.5513916015625
224,10.792905221479833,14,car,2,0.773451566696167,739.6800537109375,624.9677124023438,985.6263427734375,801.4074096679688,862.6531982421875,713.1875610351562,245.9462890625,176.439697265625
224,10.792905221479833,48,car,2,0.5310657024383545,111.84857940673828,613.2786254882812,355.06829833984375,744.59423828125,233.45843505859375,678.9364013671875,243.2197265625,131.31561279296875
224,10.792905221479833,43,car,2,0.5711427927017212,520.1004638671875,619.736328125,660.7969970703125,712.6593017578125,590.44873046875,666.1978149414062,140.696533203125,92.9229736328125
225,10.841087834075724,14,car,2,0.8546679019927979,744.5225830078125,622.825439453125,997.3268432617188,803.9618530273438,870.9246826171875,713.3936767578125,252.80426025390625,181.13641357421875
225,10.841087834075724,48,car,2,0.5597048997879028,101.08030700683594,610.3193969726562,346.5614013671875,742.9515991210938,223.82086181640625,676.635498046875,245.48109436035156,132.6322021484375
225,10.841087834075724,43,car,2,0.541795015335083,526.8118286132812,630.0176391601562,640.8482666015625,704.3380126953125,583.830078125,667.1778564453125,114.03643798828125,74.32037353515625
226,10.889270446671617,14,car,2,0.8551583886146545,747.993408203125,622.8218383789062,1000.1054077148438,803.1798095703125,874.0494384765625,713.0008544921875,252.11199951171875,180.35797119140625
226,10.889270446671617,48,car,2,0.5079529881477356,96.4531021118164,608.1395874023438,344.8380432128906,742.5781860351562,220.64556884765625,675.35888671875,248.38494873046875,134.4385986328125
226,10.889270446671617,43,car,2,0.5348825454711914,527.8313598632812,633.8812255859375,633.4400024414062,701.94091796875,580.6356811523438,667.9110717773438,105.608642578125,68.0596923828125
227,10.937453059267508,14,car,2,0.8418477773666382,754.8640747070312,624.514892578125,1008.2853393554688,804.8710327148438,881.57470703125,714.6929931640625,253.4212646484375,180.35614013671875
227,10.937453059267508,48,car,2,0.7889202833175659,89.93286895751953,606.6626586914062,340.50274658203125,742.1110229492188,215.21780395507812,674.3868408203125,250.56988525390625,135.4483642578125
227,10.937453059267508,43,car,2,0.6716091632843018,520.5606689453125,633.4383544921875,623.59326171875,699.1450805664062,572.0769653320312,666.291748046875,103.0325927734375,65.70672607421875
228,10.9856356718634,14,car,2,0.8543072938919067,761.943603515625,625.7826538085938,1017.2425537109375,805.9680786132812,889.5930786132812,715.8753662109375,255.2989501953125,180.1854248046875
228,10.9856356718634,48,car,2,0.7032350897789001,83.34063720703125,607.4321899414062,336.40789794921875,744.3399658203125,209.874267578125,675.8861083984375,253.0672607421875,136.90777587890625
228,10.9856356718634,43,car,2,0.5160114765167236,515.294189453125,633.57421875,615.1033325195312,696.0147094726562,565.19873046875,664.79443359375,99.80914306640625,62.44049072265625
229,11.033818284459294,14,car,2,0.8129780292510986,763.2093505859375,626.7257690429688,1018.3453979492188,806.7622680664062,890.77734375,716.7440185546875,255.13604736328125,180.0364990234375
229,11.033818284459294,48,car,2,0.7624866366386414,77.42671966552734,607.4260864257812,332.8834228515625,746.3350830078125,205.1550750732422,676.880615234375,255.45669555664062,138.90899658203125
229,11.033818284459294,43,car,2,0.6761903166770935,501.7005310058594,634.270263671875,613.7012329101562,704.39453125,557.7008666992188,669.3323974609375,112.00070190429688,70.124267578125
230,11.082000897055185,14,car,2,0.8144308924674988,769.3211669921875,626.7306518554688,1025.217041015625,806.3116455078125,897.2691040039062,716.5211181640625,255.8958740234375,179.58099365234375
230,11.082000897055185,48,car,2,0.7700452208518982,71.93892669677734,608.7395629882812,325.7213439941406,747.3056640625,198.83013916015625,678.0225830078125,253.78240966796875,138.56610107421875
230,11.082000897055185,43,car,2,0.5982418060302734,500.3768005371094,634.7999267578125,602.7561645507812,697.7509765625,551.5664672851562,666.2754516601562,102.37936401367188,62.9510498046875
231,11.130183509651078,14,car,2,0.7329286932945251,775.0641479492188,626.6329345703125,1032.14990234375,805.640380859375,903.6070556640625,716.1366577148438,257.08575439453125,179.0074462890625
231,11.130183509651078,48,car,2,0.8212460279464722,63.87915802001953,608.2045288085938,319.3866271972656,748.3377075195312,191.6328887939453,678.2711181640625,255.50747680664062,140.1331787109375
231,11.130183509651078,43,car,2,0.6159944534301758,491.7947998046875,633.9588623046875,599.84375,700.1386108398438,545.8192749023438,667.0487060546875,108.0489501953125,66.17974853515625
232,11.178366122246969,14,car,2,0.6783488392829895,776.7200927734375,626.5941772460938,1037.945556640625,807.0014038085938,907.3328247070312,716.7977905273438,261.2254638671875,180.4072265625
232,11.178366122246969,48,car,2,0.8164865374565125,58.811214447021484,607.4346313476562,314.57977294921875,748.4016723632812,186.69549560546875,677.9181518554688,255.7685546875,140.967041015625
232,11.178366122246969,43,car,2,0.5496030449867249,484.9024963378906,633.1981811523438,591.16552734375,697.8038940429688,538.0339965820312,665.5010375976562,106.26303100585938,64.605712890625
232,11.178366122246969,69,car,2,0.475721150636673,749.9577026367188,608.706298828125,835.7984619140625,676.9757080078125,792.8780517578125,642.8410034179688,85.84075927734375,68.2694091796875
233,11.226548734842861,14,car,2,0.6571732759475708,784.6995239257812,625.4348754882812,1049.6572265625,807.3231201171875,917.1783447265625,716.3790283203125,264.95770263671875,181.88824462890625
233,11.226548734842861,48,car,2,0.601014256477356,51.9755744934082,606.4630126953125,306.1112060546875,747.3346557617188,179.04339599609375,676.8988037109375,254.13563537597656,140.87164306640625
233,11.226548734842861,43,car,2,0.5439268946647644,474.86676025390625,631.9281616210938,585.5067138671875,699.1644897460938,530.186767578125,665.5463256835938,110.63995361328125,67.236328125
233,11.226548734842861,69,car,2,0.4093828797340393,749.4700927734375,608.2439575195312,833.5848388671875,675.1492919921875,791.5274658203125,641.6966552734375,84.11474609375,66.90533447265625
234,11.274731347438754,14,car,2,0.7796347737312317,792.621337890625,623.4666137695312,1064.4517822265625,809.8453979492188,928.5365600585938,716.656005859375,271.8304443359375,186.3787841796875
234,11.274731347438754,48,car,2,0.7572653889656067,46.62657165527344,604.4752807617188,298.24102783203125,744.6084594726562,172.43380737304688,674.5418701171875,251.6144561767578,140.1331787109375
234,11.274731347438754,43,car,2,0.5241620540618896,464.56890869140625,630.565185546875,579.7161254882812,700.8114013671875,522.1425170898438,665.6882934570312,115.147216796875,70.2462158203125
235,11.322913960034645,14,car,2,0.8277743458747864,796.3021240234375,621.5245361328125,1075.7445068359375,812.9274291992188,936.0233154296875,717.2259521484375,279.4423828125,191.40289306640625
235,11.322913960034645,48,car,2,0.8212237358093262,39.35943603515625,602.75048828125,288.8808288574219,742.1408081054688,164.12013244628906,672.4456787109375,249.52139282226562,139.39031982421875
235,11.322913960034645,43,car,2,0.5779523253440857,454.23486328125,626.4197387695312,573.889404296875,699.6732788085938,514.0621337890625,663.0465087890625,119.654541015625,73.2535400390625
235,11.322913960034645,69,car,2,0.5542548894882202,750.7861938476562,603.4490966796875,836.6762084960938,671.9415893554688,793.731201171875,637.6953125,85.8900146484375,68.49249267578125
236,11.371096572630538,14,car,2,0.8105316758155823,805.480712890625,621.0150146484375,1082.8392333984375,809.5956420898438,944.1599731445312,715.3052978515625,277.3585205078125,188.58062744140625
236,11.371096572630538,48,car,2,0.8143725991249084,32.41333770751953,600.08837890625,280.3197326660156,739.4009399414062,156.3665313720703,669.74462890625,247.90640258789062,139.31256103515625
236,11.371096572630538,43,car,2,0.554256796836853,447.4873046875,619.281005859375,564.1499633789062,690.4658203125,505.8186340332031,654.8734130859375,116.66265869140625,71.184814453125
236,11.371096572630538,69,car,2,0.3511750400066376,754.0299072265625,602.0343627929688,838.1723022460938,668.964599609375,796.10107421875,635.49951171875,84.14239501953125,66.93023681640625
237,11.41927918522643,14,car,2,0.6637980937957764,810.1536254882812,619.7144775390625,1085.9122314453125,807.8655395507812,948.032958984375,713.7900390625,275.75860595703125,188.15106201171875
237,11.41927918522643,48,car,2,0.5399200320243835,19.539470672607422,597.198486328125,268.017578125,736.8544921875,143.7785186767578,667.0264892578125,248.4781036376953,139.656005859375
237,11.41927918522643,43,car,2,0.5876290798187256,444.3895263671875,623.0505981445312,550.952880859375,687.2168579101562,497.67120361328125,655.1337280273438,106.5633544921875,64.166259765625
237,11.41927918522643,69,car,2,0.37651968002319336,751.5224609375,599.7142333984375,836.1873168945312,667.1914672851562,793.8548583984375,633.452880859375,84.66485595703125,67.47723388671875
238,11.467461797822322,14,car,2,0.7689791321754456,823.8299560546875,618.8900146484375,1100.899658203125,806.5447387695312,962.3648071289062,712.7174072265625,277.0697021484375,187.65472412109375
238,11.467461797822322,48,car,2,0.7134867906570435,12.914923667907715,594.4498901367188,262.9794006347656,736.519287109375,137.94715881347656,665.484619140625,250.06448364257812,142.06939697265625
238,11.467461797822322,43,car,2,0.5868530869483948,433.0362548828125,618.4933471679688,544.9237060546875,686.1185302734375,488.97998046875,652.305908203125,111.887451171875,67.62518310546875
238,11.467461797822322,69,car,2,0.4862000644207001,755.5281982421875,601.3373413085938,835.9656372070312,665.0991821289062,795.7469482421875,633.21826171875,80.43743896484375,63.7618408203125
239,11.515644410418213,14,car,2,0.7840165495872498,830.9725341796875,618.6276245117188,1110.7320556640625,808.0245361328125,970.852294921875,713.3260498046875,279.759521484375,189.39691162109375
239,11.515644410418213,48,car,2,0.731873095035553,0.0,592.3018798828125,246.75399780273438,735.6143188476562,123.37699890136719,663.9581298828125,246.75399780273438,143.31243896484375
239,11.515644410418213,43,car,2,0.5968917012214661,416.5220031738281,619.5106201171875,526.560546875,685.53466796875,471.541259765625,652.5226440429688,110.03854370117188,66.0240478515625
239,11.515644410418213,69,car,2,0.5527030825614929,751.4442749023438,597.267333984375,836.4488525390625,664.656005859375,793.946533203125,630.961669921875,85.00457763671875,67.388671875
240,11.563827023014106,14,car,2,0.7835595011711121,833.9207153320312,618.8751831054688,1110.6663818359375,805.9586181640625,972.2935791015625,712.4168701171875,276.74566650390625,187.08343505859375
240,11.563827023014106,48,car,2,0.7132598161697388,0.0,591.3737182617188,239.18341064453125,734.0923461914062,119.59170532226562,662.7330322265625,239.18341064453125,142.7186279296875
240,11.563827023014106,43,car,2,0.5652994513511658,409.8526306152344,619.509765625,519.0101928710938,684.44873046875,464.431396484375,651.979248046875,109.15756225585938,64.93896484375
240,11.563827023014106,69,car,2,0.48543649911880493,750.1807250976562,596.0115966796875,836.732177734375,664.76416015625,793.4564208984375,630.3878784179688,86.55145263671875,68.7525634765625
241,11.612009635609999,14,car,2,0.838675856590271,869.9955444335938,619.0927124023438,1162.07763671875,815.0579833984375,1016.03662109375,717.0753173828125,292.08209228515625,195.96527099609375
241,11.612009635609999,43,car,2,0.6358500123023987,362.8117980957031,618.530517578125,477.2474365234375,685.9721069335938,420.02960205078125,652.2513427734375,114.43563842773438,67.44158935546875
241,11.612009635609999,69,car,2,0.4893757402896881,750.1439208984375,600.8671264648438,830.558837890625,664.1307983398438,790.3513793945312,632.4989624023438,80.4149169921875,63.263671875
242,11.66019224820589,14,car,2,0.8391022682189941,882.3443603515625,619.2572631835938,1181.5010986328125,818.7369995117188,1031.9227294921875,718.9971313476562,299.15673828125,199.479736328125
242,11.66019224820589,43,car,2,0.6533945798873901,346.2541809082031,616.9049682617188,463.66009521484375,685.7474975585938,404.9571533203125,651.3262329101562,117.40591430664062,68.842529296875
242,11.66019224820589,69,car,2,0.49897143244743347,749.0604858398438,601.6154174804688,829.1234741210938,664.2367553710938,789.0919799804688,632.9260864257812,80.06298828125,62.621337890625
242,11.66019224820589,70,car,2,0.50014328956604,871.0037841796875,600.2283325195312,962.7908325195312,678.5223388671875,916.8973388671875,639.3753662109375,91.78704833984375,78.29400634765625
242,11.66019224820589,71,car,2,0.343840092420578,4.4983015060424805,637.1868896484375,95.62576293945312,729.2426147460938,50.06203079223633,683.2147216796875,91.1274642944336,92.05572509765625
243,11.708374860801783,14,car,2,0.814059317111969,893.8555908203125,619.11669921875,1195.067626953125,818.7391967773438,1044.461669921875,718.927978515625,301.2120361328125,199.62249755859375
243,11.708374860801783,43,car,2,0.361050546169281,349.4063415527344,617.6204223632812,453.7482604980469,679.3261108398438,401.5773010253906,648.4732666015625,104.3419189453125,61.7056884765625
243,11.708374860801783,69,car,2,0.41526445746421814,746.4522705078125,604.546142578125,823.4586181640625,664.71533203125,784.9554443359375,634.6307373046875,77.00634765625,60.169189453125
243,11.708374860801783,70,car,2,0.3611051142215729,869.9561767578125,599.7486572265625,964.33935546875,680.2828369140625,917.1477661132812,640.0157470703125,94.3831787109375,80.5341796875
244,11.756557473397674,14,car,2,0.834045946598053,915.0142211914062,620.3693237304688,1232.0595703125,830.2959594726562,1073.536865234375,725.3326416015625,317.04534912109375,209.9266357421875
244,11.756557473397674,69,car,2,0.4250005781650543,734.5885009765625,599.2730712890625,819.697509765625,665.5316772460938,777.1430053710938,632.40234375,85.1090087890625,66.25860595703125
244,11.756557473397674,70,car,2,0.5394718050956726,859.2696533203125,601.455322265625,953.257080078125,681.5201416015625,906.2633666992188,641.4877319335938,93.9874267578125,80.0648193359375
244,11.756557473397674,71,car,2,0.4049842059612274,0.0,591.1209106445312,114.89598846435547,728.7764282226562,57.447994232177734,659.9486694335938,114.89598846435547,137.655517578125
245,11.804740085993567,14,car,2,0.7313044667243958,939.1655883789062,619.7800903320312,1257.413818359375,830.3005981445312,1098.2896728515625,725.0403442382812,318.24822998046875,210.5205078125
245,11.804740085993567,69,car,2,0.44988352060317993,723.4277954101562,601.8540649414062,803.49560546875,664.1829833984375,763.461669921875,633.0185546875,80.06781005859375,62.32891845703125
245,11.804740085993567,70,car,2,0.6553978323936462,844.160888671875,599.8169555664062,942.7018432617188,683.900634765625,893.431396484375,641.8587646484375,98.54095458984375,84.08367919921875
245,11.804740085993567,73,car,2,0.5006103515625,244.96961975097656,608.060546875,370.4383850097656,679.3164672851562,307.7040100097656,643.6884765625,125.46876525878906,71.25592041015625
246,11.85292269858946,14,car,2,0.867499053478241,959.6825561523438,620.7023315429688,1273.1727294921875,826.528564453125,1116.4276123046875,723.615478515625,313.49017333984375,205.82623291015625
246,11.85292269858946,69,car,2,0.46792033314704895,713.7081298828125,598.2621459960938,794.5660400390625,661.810546875,754.1370849609375,630.036376953125,80.85791015625,63.54840087890625
246,11.85292269858946,70,car,2,0.6683788895606995,834.9090576171875,598.8450927734375,934.7158203125,684.1394653320312,884.8124389648438,641.4923095703125,99.8067626953125,85.29437255859375
246,11.85292269858946,75,car,2,0.48759523034095764,1428.7713623046875,624.9827880859375,1541.8773193359375,686.2208862304688,1485.3243408203125,655.601806640625,113.10595703125,61.23809814453125
247,11.90110531118535,14,car,2,0.8622217774391174,969.6734619140625,620.8931884765625,1286.9771728515625,828.1806030273438,1128.3253173828125,724.536865234375,317.3037109375,207.28741455078125
247,11.90110531118535,69,car,2,0.40842029452323914,708.139892578125,599.3803100585938,788.9691162109375,662.149169921875,748.5545043945312,630.7647705078125,80.8292236328125,62.76885986328125
247,11.90110531118535,70,car,2,0.5903230905532837,826.5086669921875,598.804931640625,926.7337646484375,684.674072265625,876.6212158203125,641.739501953125,100.22509765625,85.869140625
247,11.90110531118535,75,car,2,0.6147527098655701,1422.8585205078125,622.3416137695312,1547.1651611328125,689.3530883789062,1485.0118408203125,655.8473510742188,124.306640625,67.011474609375
248,11.949287923781243,14,car,2,0.8723927140235901,978.4968872070312,620.6971435546875,1296.8297119140625,827.4757690429688,1137.663330078125,724.08642578125,318.33282470703125,206.77862548828125
248,11.949287923781243,69,car,2,0.43121737241744995,699.4781494140625,599.9737548828125,779.5549926757812,662.2679443359375,739.5166015625,631.120849609375,80.07684326171875,62.294189453125
248,11.949287923781243,70,car,2,0.6557676196098328,818.2195434570312,598.765625,918.2621459960938,684.5822143554688,868.2408447265625,641.6739501953125,100.0426025390625,85.81658935546875
248,11.949287923781243,75,car,2,0.5643936991691589,1419.0340576171875,624.2135009765625,1544.0648193359375,691.023193359375,1481.5494384765625,657.6183471679688,125.03076171875,66.8096923828125
249,11.997470536377135,14,car,2,0.8780566453933716,993.4542236328125,619.4969482421875,1315.1165771484375,827.4014282226562,1154.285400390625,723.44921875,321.662353515625,207.90447998046875
249,11.997470536377135,69,car,2,0.31872180104255676,690.8611450195312,601.6984252929688,770.8179321289062,663.1818237304688,730.8395385742188,632.4401245117188,79.956787109375,61.4833984375
249,11.997470536377135,70,car,2,0.6895751357078552,804.345703125,598.771484375,903.6072998046875,684.1525268554688,853.9765014648438,641.4620361328125,99.2615966796875,85.38104248046875
249,11.997470536377135,75,car,2,0.6663469076156616,1414.163818359375,621.8475952148438,1545.4952392578125,691.4655151367188,1479.82958984375,656.6565551757812,131.3314208984375,69.617919921875
250,12.045653148973027,14,car,2,0.867760181427002,1004.6135864257812,620.0756225585938,1328.3424072265625,828.2294311523438,1166.47802734375,724.1525268554688,323.72882080078125,208.15380859375
250,12.045653148973027,69,car,2,0.3967294692993164,675.312744140625,602.1472778320312,753.2841186523438,662.5621337890625,714.2984619140625,632.354736328125,77.97137451171875,60.41485595703125
250,12.045653148973027,70,car,2,0.5882169008255005,789.17578125,600.5647583007812,885.9390869140625,683.1218872070312,837.5574340820312,641.8433227539062,96.7633056640625,82.55712890625
250,12.045653148973027,75,car,2,0.7290012240409851,1409.195556640625,620.9563598632812,1546.141845703125,692.8922119140625,1477.668701171875,656.92431640625,136.9462890625,71.93585205078125
251,12.093835761568918,14,car,2,0.8759345412254333,1010.2149047851562,619.9033813476562,1343.5869140625,834.0980834960938,1176.90087890625,727.000732421875,333.37200927734375,214.1947021484375
251,12.093835761568918,69,car,2,0.3426819443702698,665.080078125,601.133056640625,744.129150390625,662.7439575195312,704.6046142578125,631.9384765625,79.049072265625,61.61090087890625
251,12.093835761568918,70,car,2,0.48861655592918396,780.4482421875,599.8943481445312,878.8662719726562,684.173828125,829.6572265625,642.0340576171875,98.41802978515625,84.27947998046875
251,12.093835761568918,75,car,2,0.7738909721374512,1404.2764892578125,619.9220581054688,1546.095458984375,693.7130737304688,1475.18603515625,656.8175659179688,141.8189697265625,73.791015625
252,12.142018374164811,14,car,2,0.9015956521034241,1021.1436767578125,621.0999145507812,1348.5506591796875,829.840576171875,1184.84716796875,725.47021484375,327.406982421875,208.74066162109375
252,12.142018374164811,69,car,2,0.30244457721710205,656.04345703125,600.60546875,735.4593505859375,662.5084838867188,695.7514038085938,631.5570068359375,79.4158935546875,61.90301513671875
252,12.142018374164811,70,car,2,0.3055449426174164,771.404541015625,600.781005859375,869.5294799804688,685.283935546875,820.467041015625,643.032470703125,98.12493896484375,84.5029296875
252,12.142018374164811,75,car,2,0.7766168117523193,1402.7474365234375,621.336181640625,1545.0037841796875,694.5447387695312,1473.8756103515625,657.9404296875,142.25634765625,73.20855712890625
253,12.190200986760704,14,car,2,0.9055049419403076,1031.628662109375,619.6234741210938,1357.224365234375,825.8948974609375,1194.426513671875,722.7591552734375,325.595703125,206.27142333984375
253,12.190200986760704,70,car,2,0.5817245841026306,736.48828125,600.0159301757812,838.5957641601562,684.1387939453125,787.5419921875,642.077392578125,102.10748291015625,84.12286376953125
253,12.190200986760704,75,car,2,0.7249037623405457,1400.6085205078125,622.3824462890625,1543.4814453125,694.9293212890625,1472.044921875,658.6558837890625,142.8729248046875,72.546875
254,12.238383599356595,14,car,2,0.8787232041358948,1038.671142578125,619.4918823242188,1368.31884765625,827.750732421875,1203.4949951171875,723.621337890625,329.647705078125,208.25885009765625
254,12.238383599356595,70,car,2,0.5966746211051941,738.1290283203125,597.2319946289062,838.7162475585938,680.6569213867188,788.422607421875,638.9444580078125,100.58721923828125,83.4249267578125
254,12.238383599356595,75,car,2,0.5995970964431763,1399.8671875,622.6456909179688,1542.185546875,694.41845703125,1471.0263671875,658.5321044921875,142.318359375,71.77276611328125
255,12.286566211952488,14,car,2,0.8949551582336426,1044.8228759765625,619.5610961914062,1378.8172607421875,830.0698852539062,1211.820068359375,724.8154907226562,333.994384765625,210.5087890625
255,12.286566211952488,70,car,2,0.5353038907051086,711.3381958007812,597.749755859375,813.0311279296875,678.680419921875,762.1846923828125,638.215087890625,101.69293212890625,80.9306640625
255,12.286566211952488,75,car,2,0.6846244931221008,1394.5797119140625,623.05712890625,1537.6165771484375,694.5973510742188,1466.09814453125,658.8272705078125,143.036865234375,71.54022216796875
255,12.286566211952488,85,car,2,0.544257640838623,3.246825695037842,588.2175903320312,111.97342681884766,647.7835083007812,57.61012649536133,618.0005493164062,108.72660064697266,59.56591796875
255,12.286566211952488,69,car,2,0.3344416916370392,619.6737060546875,594.0210571289062,703.0609130859375,659.3356323242188,661.3673095703125,626.6783447265625,83.38720703125,65.3145751953125
256,12.33474882454838,14,car,2,0.8758643269538879,1060.37255859375,620.444091796875,1394.792236328125,830.7079467773438,1227.5823974609375,725.5760498046875,334.419677734375,210.26385498046875
256,12.33474882454838,70,car,2,0.5409008860588074,700.2495727539062,595.1990356445312,800.36962890625,675.2058715820312,750.3095703125,635.2024536132812,100.12005615234375,80.0068359375
256,12.33474882454838,75,car,2,0.736238956451416,1384.5775146484375,621.47509765625,1532.41064453125,695.1015625,1458.494140625,658.288330078125,147.8331298828125,73.62646484375
257,12.382931437144272,14,car,2,0.8767548203468323,1064.69482421875,619.9536743164062,1399.4566650390625,829.8790893554688,1232.07568359375,724.9163818359375,334.7618408203125,209.9254150390625
257,12.382931437144272,70,car,2,0.5755504965782166,697.3866577148438,594.0687866210938,796.6630249023438,673.8275146484375,747.0248413085938,633.9481201171875,99.2763671875,79.75872802734375
257,12.382931437144272,75,car,2,0.7040424942970276,1385.21484375,621.4435424804688,1533.359619140625,695.28515625,1459.2872314453125,658.3643798828125,148.144775390625,73.84161376953125
257,12.382931437144272,89,car,2,0.5546876788139343,0.8461960554122925,565.910400390625,44.41499710083008,636.8018798828125,22.630596160888672,601.3561401367188,43.56880187988281,70.8914794921875
257,12.382931437144272,90,car,2,0.4736919105052948,1741.181396484375,623.5577392578125,1820.7076416015625,680.8236694335938,1780.944580078125,652.190673828125,79.5262451171875,57.26593017578125
257,12.382931437144272,91,car,2,0.33057546615600586,1591.8590087890625,623.9981079101562,1736.2242431640625,689.810791015625,1664.0416259765625,656.9044189453125,144.365234375,65.81268310546875
258,12.431114049740165,14,car,2,0.865114152431488,1071.240234375,618.8433227539062,1411.3079833984375,832.1370849609375,1241.274169921875,725.490234375,340.0677490234375,213.29376220703125
258,12.431114049740165,70,car,2,0.6626186966896057,675.274658203125,592.7081909179688,776.826171875,672.0381469726562,726.0504150390625,632.3731689453125,101.551513671875,79.3299560546875
258,12.431114049740165,75,car,2,0.7510327696800232,1385.2344970703125,621.5960693359375,1534.896240234375,696.654052734375,1460.0654296875,659.1250610351562,149.6617431640625,75.0579833984375
258,12.431114049740165,90,car,2,0.3402787744998932,1737.0672607421875,623.2999877929688,1817.9862060546875,681.6719970703125,1777.5267333984375,652.4859619140625,80.9189453125,58.37200927734375
259,12.479296662336056,14,car,2,0.9040101766586304,1075.7974853515625,619.86474609375,1415.2247314453125,832.1570434570312,1245.5111083984375,726.0108642578125,339.42724609375,212.29229736328125
259,12.479296662336056,70,car,2,0.615871012210846,668.5480346679688,591.30712890625,770.5036010742188,671.8521728515625,719.5258178710938,631.5796508789062,101.95556640625,80.5450439453125
259,12.479296662336056,75,car,2,0.7150080800056458,1384.6722412109375,620.9625244140625,1533.1654052734375,696.1303100585938,1458.9188232421875,658.54638671875,148.4931640625,75.16778564453125
259,12.479296662336056,90,car,2,0.35572549700737,1735.201171875,623.1781616210938,1815.2506103515625,681.1663208007812,1775.225830078125,652.1722412109375,80.0494384765625,57.9881591796875
260,12.527479274931949,14,car,2,0.8636918663978577,1085.011962890625,622.2831420898438,1432.9908447265625,840.0560302734375,1259.00146484375,731.1695556640625,347.9788818359375,217.77288818359375
260,12.527479274931949,70,car,2,0.5696001648902893,642.4945068359375,591.7828979492188,744.790283203125,672.130615234375,693.6423950195312,631.956787109375,102.2957763671875,80.34771728515625
260,12.527479274931949,75,car,2,0.7221601605415344,1378.1373291015625,622.16650390625,1526.9696044921875,698.6889038085938,1452.553466796875,660.427734375,148.832275390625,76.52239990234375
260,12.527479274931949,91,car,2,0.3388129472732544,1560.735595703125,624.2801513671875,1710.378662109375,692.6937255859375,1635.55712890625,658.4869384765625,149.64306640625,68.41357421875
261,12.57566188752784,14,car,2,0.8401266932487488,1089.744140625,624.4891357421875,1445.2950439453125,847.5650024414062,1267.51953125,736.027099609375,355.5509033203125,223.07586669921875
261,12.57566188752784,70,car,2,0.5138466954231262,620.7167358398438,592.064208984375,722.5745239257812,671.96923828125,671.6456298828125,632.0167236328125,101.8577880859375,79.905029296875
261,12.57566188752784,75,car,2,0.6163586974143982,1374.760498046875,623.466796875,1523.1513671875,701.3126220703125,1448.9559326171875,662.3897094726562,148.390869140625,77.8458251953125
261,12.57566188752784,90,car,2,0.4487626552581787,1713.7242431640625,626.013427734375,1801.5946044921875,690.0704345703125,1757.659423828125,658.0419311523438,87.870361328125,64.0570068359375
262,12.623844500123733,14,car,2,0.8516359329223633,1096.4935302734375,624.41162109375,1445.37451171875,843.1078491210938,1270.93408203125,733.759765625,348.8809814453125,218.69622802734375
262,12.623844500123733,70,car,2,0.5192965865135193,613.050048828125,595.4070434570312,711.6314086914062,671.8709716796875,662.3406982421875,633.6390380859375,98.58135986328125,76.46392822265625
262,12.623844500123733,75,car,2,0.5685681104660034,1375.026611328125,625.0089111328125,1519.381591796875,701.843505859375,1447.2041015625,663.4262084960938,144.35498046875,76.8345947265625
262,12.623844500123733,95,car,2,0.34602081775665283,1674.486328125,625.6799926757812,1792.75732421875,692.6758422851562,1733.621826171875,659.1779174804688,118.27099609375,66.995849609375
262,12.623844500123733,90,car,2,0.40587711334228516,1706.411376953125,625.5083618164062,1797.4007568359375,692.126708984375,1751.906005859375,658.8175048828125,90.9893798828125,66.61834716796875
263,12.672027112719624,14,car,2,0.875350832939148,1088.716796875,627.2330322265625,1464.591552734375,865.6491088867188,1276.6541748046875,746.4410400390625,375.874755859375,238.41607666015625
263,12.672027112719624,70,car,2,0.5967418551445007,592.36865234375,597.8160400390625,690.6217651367188,671.798583984375,641.4952392578125,634.8073120117188,98.25311279296875,73.9825439453125
263,12.672027112719624,75,car,2,0.6218950748443604,1375.9554443359375,627.3574829101562,1516.30712890625,703.9368286132812,1446.13134765625,665.6471557617188,140.3516845703125,76.579345703125
263,12.672027112719624,95,car,2,0.42055264115333557,1669.4302978515625,625.3177490234375,1789.6031494140625,693.428955078125,1729.5167236328125,659.3733520507812,120.1728515625,68.1112060546875
264,12.720209725315517,14,car,2,0.9148831963539124,1091.947998046875,629.732421875,1481.4388427734375,879.89208984375,1286.693359375,754.812255859375,389.4908447265625,250.15966796875
264,12.720209725315517,70,car,2,0.49283984303474426,568.1904296875,599.5303344726562,666.6843872070312,672.4857788085938,617.4373779296875,636.008056640625,98.49395751953125,72.9554443359375
264,12.720209725315517,75,car,2,0.3428533673286438,1366.7584228515625,630.1939697265625,1505.807373046875,708.4434204101562,1436.282958984375,669.3187255859375,139.0489501953125,78.24945068359375
264,12.720209725315517,91,car,2,0.4564017355442047,1542.549072265625,630.329345703125,1693.689697265625,701.3599243164062,1618.119384765625,665.8446044921875,151.140625,71.03057861328125
264,12.720209725315517,90,car,2,0.40624257922172546,1684.917724609375,631.8145751953125,1771.2884521484375,695.3093872070312,1728.10302734375,663.56201171875,86.3707275390625,63.49481201171875
265,12.76839233791141,14,car,2,0.9107351303100586,1096.851806640625,631.3271484375,1488.5567626953125,886.0535278320312,1292.704345703125,758.6903076171875,391.7049560546875,254.72637939453125
265,12.76839233791141,70,car,2,0.5142571330070496,544.8460083007812,598.1588134765625,645.6517944335938,672.486572265625,595.2489013671875,635.3226928710938,100.8057861328125,74.3277587890625
265,12.76839233791141,91,car,2,0.5039190053939819,1530.134033203125,633.7711181640625,1677.763671875,704.2847900390625,1603.9488525390625,669.0279541015625,147.629638671875,70.513671875
265,12.76839233791141,90,car,2,0.5761950612068176,1663.9700927734375,635.0393676757812,1753.6990966796875,699.4614868164062,1708.8345947265625,667.2504272460938,89.72900390625,64.422119140625
266,12.8165749505073,14,car,2,0.876986563205719,1107.229248046875,635.028564453125,1492.767822265625,887.9179077148438,1299.99853515625,761.4732666015625,385.53857421875,252.88934326171875
266,12.8165749505073,70,car,2,0.4568304717540741,507.01123046875,596.4991455078125,614.7659912109375,673.19580078125,560.8886108398438,634.8474731445312,107.7547607421875,76.6966552734375
266,12.8165749505073,91,car,2,0.5520374178886414,1525.51953125,636.6503295898438,1674.0538330078125,709.65576171875,1599.78662109375,673.153076171875,148.5343017578125,73.00543212890625
266,12.8165749505073,90,car,2,0.5750045776367188,1659.1573486328125,636.08154296875,1749.4921875,701.0349731445312,1704.32470703125,668.5582275390625,90.3348388671875,64.95343017578125
266,12.8165749505073,95,car,2,0.4602891504764557,1634.529541015625,636.8084106445312,1754.395751953125,704.84423828125,1694.462646484375,670.8262939453125,119.8662109375,68.03582763671875
267,12.864757563103193,14,car,2,0.8891521096229553,1117.7177734375,638.9093017578125,1497.5654296875,890.2463989257812,1307.6416015625,764.577880859375,379.84765625,251.33709716796875
267,12.864757563103193,70,car,2,0.514402449131012,483.08685302734375,595.474609375,591.1972045898438,673.2184448242188,537.1420288085938,634.3465576171875,108.1103515625,77.74383544921875
267,12.864757563103193,95,car,2,0.5980464816093445,1618.607177734375,641.039306640625,1738.590576171875,709.5912475585938,1678.598876953125,675.3153076171875,119.9833984375,68.55194091796875
268,12.912940175699084,14,car,2,0.9073447585105896,1124.580322265625,640.2886352539062,1497.1390380859375,888.5926513671875,1310.859619140625,764.440673828125,372.5587158203125,248.30401611328125
268,12.912940175699084,70,car,2,0.5690478682518005,459.07330322265625,593.9234008789062,564.7732543945312,671.364501953125,511.92327880859375,632.6439208984375,105.699951171875,77.44110107421875
268,12.912940175699084,95,car,2,0.6146266460418701,1603.325927734375,641.9159545898438,1723.258056640625,710.6903686523438,1663.2919921875,676.3031616210938,119.93212890625,68.7744140625
269,12.961122788294977,14,car,2,0.8595522046089172,1125.005859375,641.9439086914062,1500.7552490234375,894.775634765625,1312.880615234375,768.3597412109375,375.7493896484375,252.83172607421875
269,12.961122788294977,70,car,2,0.34970471262931824,433.1361389160156,590.9270629882812,538.0885009765625,668.8590698242188,485.6123046875,629.89306640625,104.95236206054688,77.9320068359375
269,12.961122788294977,95,car,2,0.595252275466919,1587.5391845703125,645.0131225585938,1708.233154296875,714.5000610351562,1647.88623046875,679.756591796875,120.6939697265625,69.4869384765625
269,12.961122788294977,91,car,2,0.4187222123146057,1471.7816162109375,644.0509033203125,1621.1475830078125,719.6507568359375,1546.464599609375,681.850830078125,149.365966796875,75.599853515625
270,13.00930540089087,14,car,2,0.8151772618293762,1133.220947265625,641.3472900390625,1494.4117431640625,885.4992065429688,1313.81640625,763.4232177734375,361.1907958984375,244.15191650390625
270,13.00930540089087,91,car,2,0.4385588467121124,1444.3489990234375,643.385498046875,1585.8197021484375,718.0982666015625,1515.0843505859375,680.7418823242188,141.470703125,74.7127685546875
271,13.057488013486761,14,car,2,0.8258056640625,1134.4285888671875,642.0528564453125,1492.348876953125,885.6129760742188,1313.388671875,763.8328857421875,357.9202880859375,243.56011962890625
271,13.057488013486761,91,car,2,0.46655288338661194,1423.600830078125,640.9486083984375,1558.624267578125,715.4954223632812,1491.112548828125,678.2220458984375,135.0234375,74.54681396484375
271,13.057488013486761,95,car,2,0.6326490640640259,1536.281982421875,639.1797485351562,1655.762939453125,709.3818359375,1596.0224609375,674.28076171875,119.48095703125,70.20208740234375
272,13.105670626082654,14,car,2,0.8529084324836731,1134.8521728515625,642.1014404296875,1493.2686767578125,888.0379638671875,1314.0604248046875,765.0697021484375,358.41650390625,245.9365234375
272,13.105670626082654,91,car,2,0.506264328956604,1413.6719970703125,639.5704345703125,1543.80859375,715.0278930664062,1478.740234375,677.2991943359375,130.1365966796875,75.45745849609375
272,13.105670626082654,107,car,2,0.6116880774497986,1092.659912109375,625.2683715820312,1333.238037109375,728.3255004882812,1212.948974609375,676.7969360351562,240.578125,103.05712890625
272,13.105670626082654,95,car,2,0.6707959771156311,1503.941162109375,637.8353881835938,1629.6929931640625,711.8687744140625,1566.817138671875,674.85205078125,125.7518310546875,74.03338623046875
273,13.153853238678545,14,car,2,0.8574812412261963,1126.755859375,634.0079956054688,1492.9078369140625,888.5714721679688,1309.831787109375,761.2897338867188,366.1519775390625,254.5634765625
273,13.153853238678545,107,car,2,0.6475825309753418,1035.985595703125,617.0025024414062,1284.42724609375,723.6586303710938,1160.2064208984375,670.33056640625,248.441650390625,106.6561279296875
273,13.153853238678545,95,car,2,0.6113919615745544,1463.1104736328125,630.8790893554688,1590.94921875,706.4942016601562,1527.02978515625,668.6866455078125,127.8387451171875,75.6151123046875
274,13.202035851274438,14,car,2,0.8717538118362427,1117.4627685546875,628.9747924804688,1488.0604248046875,890.5042114257812,1302.7615966796875,759.739501953125,370.59765625,261.5294189453125
274,13.202035851274438,107,car,2,0.5448527336120605,984.1466674804688,610.9697875976562,1238.454345703125,720.42529296875,1111.300537109375,665.697509765625,254.30767822265625,109.45550537109375
274,13.202035851274438,95,car,2,0.6772522926330566,1430.726318359375,625.9952392578125,1557.783203125,702.1830444335938,1494.2547607421875,664.089111328125,127.056884765625,76.18780517578125
275,13.250218463870329,14,car,2,0.8762331008911133,1115.163818359375,627.0556640625,1485.2723388671875,891.79736328125,1300.218017578125,759.426513671875,370.1085205078125,264.74169921875
275,13.250218463870329,107,car,2,0.6070718765258789,969.9529418945312,609.2383422851562,1223.35986328125,718.7223510742188,1096.6563720703125,663.9803466796875,253.40692138671875,109.4840087890625
275,13.250218463870329,95,car,2,0.704875648021698,1419.12255859375,624.0570068359375,1545.934326171875,701.1689453125,1482.5284423828125,662.6129760742188,126.811767578125,77.1119384765625
276,13.298401076466222,14,car,2,0.8665276169776917,1114.8052978515625,624.2774047851562,1480.472900390625,888.98974609375,1297.63916015625,756.633544921875,365.6676025390625,264.71234130859375
276,13.298401076466222,107,car,2,0.5541837215423584,946.436279296875,608.0145263671875,1199.759521484375,717.52001953125,1073.097900390625,662.7672729492188,253.3232421875,109.5054931640625
276,13.298401076466222,95,car,2,0.5915826559066772,1408.04833984375,621.1304931640625,1530.9144287109375,696.6695556640625,1469.4814453125,658.9000244140625,122.8660888671875,75.5390625
277,13.346583689062115,14,car,2,0.8671384453773499,1121.3492431640625,621.550048828125,1469.8770751953125,875.2622680664062,1295.6131591796875,748.4061279296875,348.52783203125,253.71221923828125
277,13.346583689062115,107,car,2,0.7051711678504944,924.0261840820312,605.8197631835938,1183.958984375,718.1589965820312,1053.9925537109375,661.9893798828125,259.93280029296875,112.3392333984375
277,13.346583689062115,95,car,2,0.67995285987854,1396.698486328125,618.886474609375,1516.886474609375,694.0948486328125,1456.79248046875,656.4906616210938,120.18798828125,75.2083740234375
278,13.394766301658006,14,car,2,0.8359059691429138,1117.42236328125,621.1956787109375,1469.356689453125,879.6364135742188,1293.3895263671875,750.416015625,351.934326171875,258.44073486328125
278,13.394766301658006,107,car,2,0.691209614276886,882.0460815429688,603.6607055664062,1155.6044921875,722.5548706054688,1018.8253173828125,663.1077880859375,273.55841064453125,118.8941650390625
278,13.394766301658006,95,car,2,0.44535449147224426,1370.046630859375,617.2379760742188,1489.4927978515625,693.0983276367188,1429.769775390625,655.1681518554688,119.4461669921875,75.8603515625
279,13.442948914253899,14,car,2,0.8485514521598816,1114.3621826171875,620.2322998046875,1465.0911865234375,880.0003662109375,1289.7266845703125,750.1163330078125,350.72900390625,259.76806640625
279,13.442948914253899,107,car,2,0.6566303372383118,851.0765991210938,603.6790161132812,1128.1485595703125,724.298583984375,989.612548828125,663.98876953125,277.07196044921875,120.61956787109375
279,13.442948914253899,95,car,2,0.39114269614219666,1352.606689453125,616.538818359375,1466.91015625,689.8338623046875,1409.7584228515625,653.1863403320312,114.303466796875,73.2950439453125
280,13.49113152684979,14,car,2,0.8528209924697876,1116.13916015625,620.0823364257812,1460.76025390625,876.8251342773438,1288.44970703125,748.4537353515625,344.62109375,256.7427978515625
280,13.49113152684979,107,car,2,0.6899622678756714,839.837890625,603.6375122070312,1118.244384765625,724.99755859375,979.0411376953125,664.3175048828125,278.406494140625,121.36004638671875
280,13.49113152684979,95,car,2,0.4094495475292206,1348.172607421875,616.3170166015625,1457.8873291015625,687.1322631835938,1403.030029296875,651.724609375,109.7147216796875,70.81524658203125
281,13.539314139445683,14,car,2,0.8408728241920471,1112.041748046875,620.1194458007812,1457.5433349609375,880.2198486328125,1284.79248046875,750.169677734375,345.5015869140625,260.10040283203125
281,13.539314139445683,107,car,2,0.727103590965271,819.4801635742188,602.7609252929688,1102.997802734375,726.4539184570312,961.239013671875,664.607421875,283.51763916015625,123.6929931640625
282,13.587496752041575,14,car,2,0.8181813359260559,1112.5113525390625,618.9221801757812,1451.3082275390625,875.8529052734375,1281.9097900390625,747.3875732421875,338.796875,256.93072509765625
282,13.587496752041575,107,car,2,0.6396995782852173,776.7855224609375,604.4701538085938,1064.15478515625,729.5010986328125,920.4701538085938,666.985595703125,287.3692626953125,125.03094482421875
283,13.635679364637467,14,car,2,0.829423189163208,1109.269287109375,618.8107299804688,1447.2301025390625,876.853515625,1278.249755859375,747.8321533203125,337.9608154296875,258.04278564453125
283,13.635679364637467,107,car,2,0.6836775541305542,742.7080688476562,604.9159545898438,1037.0029296875,732.69580078125,889.85546875,668.805908203125,294.29486083984375,127.77984619140625
284,13.68386197723336,14,car,2,0.8450528979301453,1114.5277099609375,620.65771484375,1437.169921875,866.9443969726562,1275.848876953125,743.801025390625,322.6422119140625,246.28668212890625
284,13.68386197723336,107,car,2,0.7767825126647949,716.0698852539062,605.8631591796875,1014.601318359375,735.1138305664062,865.3355712890625,670.488525390625,298.53143310546875,129.25067138671875
285,13.73204458982925,14,car,2,0.8337857127189636,1116.6964111328125,620.7341918945312,1433.44677734375,862.452880859375,1275.071533203125,741.593505859375,316.7503662109375,241.71868896484375
285,13.73204458982925,107,car,2,0.7650397419929504,706.046875,605.9392700195312,1007.1618041992188,735.9627685546875,856.6043701171875,670.9510498046875,301.11492919921875,130.02349853515625
285,13.73204458982925,112,car,2,0.535347044467926,1073.1356201171875,613.8629760742188,1259.1236572265625,714.2271118164062,1166.129638671875,664.0450439453125,185.988037109375,100.3641357421875
285,13.73204458982925,113,car,2,0.4657042622566223,1069.061767578125,620.7891845703125,1212.7376708984375,714.9777221679688,1140.899658203125,667.8834228515625,143.6759033203125,94.18853759765625
286,13.780227202425143,14,car,2,0.8390573263168335,1109.767822265625,632.3328857421875,1432.5357666015625,879.8237915039062,1271.15185546875,756.078369140625,322.7679443359375,247.49090576171875
286,13.780227202425143,107,car,2,0.6968514919281006,664.2761840820312,609.2675170898438,980.834228515625,745.9312133789062,822.55517578125,677.599365234375,316.55804443359375,136.6636962890625
287,13.828409815021034,14,car,2,0.8131668567657471,1103.3212890625,635.7198486328125,1431.5723876953125,889.1605224609375,1267.44677734375,762.440185546875,328.2510986328125,253.440673828125
287,13.828409815021034,107,car,2,0.7117348313331604,636.618896484375,612.3218383789062,956.6641235351562,750.172607421875,796.6414794921875,681.2471923828125,320.04522705078125,137.85076904296875
287,13.828409815021034,113,car,2,0.40605786442756653,1039.117431640625,624.5648803710938,1196.3427734375,726.8863525390625,1117.7301025390625,675.7255859375,157.225341796875,102.32147216796875
288,13.876592427616927,14,car,2,0.843898355960846,1100.89697265625,635.327392578125,1428.55419921875,889.8407592773438,1264.7255859375,762.5841064453125,327.6572265625,254.51336669921875
288,13.876592427616927,107,car,2,0.8160062432289124,603.790283203125,613.3241577148438,935.1179809570312,755.9706420898438,769.4541015625,684.6473999023438,331.32769775390625,142.646484375
288,13.876592427616927,113,car,2,0.6733930706977844,1017.8623046875,624.9435424804688,1185.4158935546875,733.0009765625,1101.63916015625,678.9722900390625,167.5535888671875,108.05743408203125
289,13.92477504021282,14,car,2,0.844436764717102,1100.7694091796875,636.9779052734375,1421.151611328125,887.2801513671875,1260.96044921875,762.1290283203125,320.3822021484375,250.30224609375
289,13.92477504021282,107,car,2,0.8263890147209167,575.541015625,614.6725463867188,914.3031616210938,760.3606567382812,744.922119140625,687.5166015625,338.76214599609375,145.6881103515625
289,13.92477504021282,113,car,2,0.6870946884155273,996.0701293945312,625.96044921875,1168.8182373046875,736.2327880859375,1082.4442138671875,681.0966186523438,172.74810791015625,110.2723388671875
290,13.972957652808711,14,car,2,0.8399220705032349,1097.180908203125,638.8211059570312,1417.78369140625,891.2782592773438,1257.4822998046875,765.0496826171875,320.602783203125,252.4571533203125
290,13.972957652808711,107,car,2,0.8263959288597107,540.8343505859375,612.0617065429688,891.8558349609375,762.9734497070312,716.3450927734375,687.517578125,351.021484375,150.9117431640625
290,13.972957652808711,113,car,2,0.7483312487602234,975.2879028320312,624.2618408203125,1150.8101806640625,734.78076171875,1063.049072265625,679.5213012695312,175.52227783203125,110.5189208984375
291,14.021140265404604,14,car,2,0.8826195597648621,1096.7010498046875,640.6967163085938,1412.28173828125,890.5301513671875,1254.491455078125,765.6134033203125,315.5806884765625,249.83343505859375
291,14.021140265404604,107,car,2,0.8118100762367249,511.3206481933594,610.4251098632812,870.8057250976562,764.9346313476562,691.0631713867188,687.6798706054688,359.4850769042969,154.509521484375
291,14.021140265404604,113,car,2,0.5286004543304443,954.59228515625,623.7236938476562,1135.2501220703125,735.5887451171875,1044.921142578125,679.65625,180.6578369140625,111.86505126953125
292,14.069322878000495,14,car,2,0.8721553087234497,1101.3988037109375,639.8799438476562,1401.004638671875,876.8004760742188,1251.20166015625,758.3402099609375,299.6058349609375,236.9205322265625
292,14.069322878000495,107,car,2,0.8314951658248901,474.81622314453125,605.583740234375,845.123779296875,764.663330078125,659.969970703125,685.12353515625,370.30755615234375,159.07958984375
292,14.069322878000495,113,car,2,0.5676714181900024,936.360595703125,621.0245971679688,1122.8193359375,734.3927001953125,1029.5899658203125,677.7086181640625,186.458740234375,113.36810302734375
293,14.117505490596388,14,car,2,0.8656595349311829,1099.5477294921875,636.4415283203125,1397.0904541015625,872.152099609375,1248.319091796875,754.2968139648438,297.542724609375,235.7105712890625
293,14.117505490596388,107,car,2,0.8139606714248657,441.56744384765625,601.5919189453125,821.1985473632812,764.53955078125,631.3829956054688,683.0657348632812,379.631103515625,162.9476318359375
293,14.117505490596388,113,car,2,0.43046459555625916,912.0098876953125,615.4237670898438,1105.958251953125,731.3532104492188,1008.9840698242188,673.3884887695312,193.9483642578125,115.929443359375
294,14.16568810319228,14,car,2,0.8706210851669312,1091.924072265625,631.5350952148438,1394.3675537109375,872.3740234375,1243.145751953125,751.95458984375,302.4434814453125,240.83892822265625
294,14.16568810319228,107,car,2,0.8497557640075684,407.5364990234375,598.28515625,795.6572875976562,764.8995971679688,601.596923828125,681.5924072265625,388.12078857421875,166.61444091796875
294,14.16568810319228,113,car,2,0.5494319200515747,882.8789672851562,611.8331909179688,1083.0731201171875,730.1643676757812,982.97607421875,670.998779296875,200.19415283203125,118.3311767578125
294,14.16568810319228,112,car,2,0.6144554615020752,1064.534423828125,612.85546875,1229.1650390625,703.4661254882812,1146.8497314453125,658.1607666015625,164.630615234375,90.61065673828125
295,14.213870715788172,14,car,2,0.886083722114563,1089.0374755859375,629.2864990234375,1386.59130859375,866.4349975585938,1237.814453125,747.8607177734375,297.5538330078125,237.14849853515625
295,14.213870715788172,107,car,2,0.8170567154884338,369.42083740234375,592.6587524414062,772.3341064453125,765.893310546875,570.87744140625,679.2760009765625,402.91326904296875,173.23455810546875
295,14.213870715788172,113,car,2,0.46217572689056396,856.6256713867188,607.215087890625,1065.5975341796875,729.4578857421875,961.111572265625,668.3364868164062,208.97186279296875,122.2427978515625
295,14.213870715788172,112,car,2,0.42838332056999207,1042.3748779296875,610.6249389648438,1219.6458740234375,710.9751586914062,1131.0103759765625,660.800048828125,177.27099609375,100.3502197265625
295,14.213870715788172,95,car,2,0.3980771005153656,1095.282470703125,610.6116333007812,1170.7652587890625,652.3427734375,1133.02392578125,631.4771728515625,75.4827880859375,41.73114013671875
296,14.262053328384065,14,car,2,0.8908860683441162,1080.536376953125,628.661865234375,1382.875244140625,871.3043823242188,1231.705810546875,749.983154296875,302.3388671875,242.64251708984375
296,14.262053328384065,107,car,2,0.8663824796676636,329.5366516113281,588.8704223632812,747.1288452148438,768.7159423828125,538.332763671875,678.793212890625,417.5921936035156,179.84552001953125
296,14.262053328384065,113,car,2,0.7354310750961304,828.511474609375,606.142333984375,1043.1201171875,730.3218383789062,935.8157958984375,668.2320556640625,214.608642578125,124.17950439453125
296,14.262053328384065,112,car,2,0.6273391842842102,1021.0005493164062,608.724853515625,1206.0008544921875,716.5700073242188,1113.500732421875,662.6474609375,185.00030517578125,107.84515380859375
297,14.310235940979956,14,car,2,0.8764373660087585,1072.3814697265625,627.5762329101562,1363.4613037109375,861.2471923828125,1217.92138671875,744.4117431640625,291.079833984375,233.67095947265625
297,14.310235940979956,107,car,2,0.8840895891189575,232.6063690185547,582.0427856445312,683.6382446289062,777.2894287109375,458.122314453125,679.6661376953125,451.0318603515625,195.24664306640625
297,14.310235940979956,113,car,2,0.8080083131790161,768.90625,601.5276489257812,994.8431396484375,731.0362548828125,881.8746948242188,666.281982421875,225.9368896484375,129.50860595703125
297,14.310235940979956,112,car,2,0.5840749740600586,988.964111328125,606.9808349609375,1159.4993896484375,708.0765380859375,1074.231689453125,657.5286865234375,170.5352783203125,101.095703125
298,14.358418553575849,14,car,2,0.8691134452819824,1065.417236328125,626.7754516601562,1352.0238037109375,857.2178344726562,1208.720458984375,741.9966430664062,286.6065673828125,230.4423828125
298,14.358418553575849,107,car,2,0.9011625051498413,170.8468475341797,578.4716186523438,639.1485595703125,781.968994140625,404.9977111816406,680.2203369140625,468.30169677734375,203.49737548828125
298,14.358418553575849,113,car,2,0.6853736639022827,729.4840698242188,600.009765625,962.1087036132812,731.8598022460938,845.79638671875,665.934814453125,232.6246337890625,131.85003662109375
298,14.358418553575849,112,car,2,0.6585618257522583,955.4403076171875,604.7905883789062,1131.855224609375,711.5628662109375,1043.647705078125,658.1767578125,176.4149169921875,106.77227783203125
299,14.40660116617174,14,car,2,0.8760616183280945,1064.8179931640625,627.133056640625,1339.90234375,847.3137817382812,1202.360107421875,737.223388671875,275.0843505859375,220.18072509765625
299,14.40660116617174,107,car,2,0.8928203582763672,116.4052734375,576.8836669921875,602.7877807617188,789.4697875976562,359.5965270996094,683.1767578125,486.38250732421875,212.58612060546875
299,14.40660116617174,113,car,2,0.6809950470924377,696.2978515625,599.545166015625,937.5521240234375,735.03515625,816.9249877929688,667.2901611328125,241.2542724609375,135.489990234375
299,14.40660116617174,112,car,2,0.7129372358322144,939.3525390625,605.304443359375,1103.3824462890625,705.4475708007812,1021.3674926757812,655.3759765625,164.0299072265625,100.14312744140625
300,14.454783778767633,14,car,2,0.8654693365097046,1045.7403564453125,630.5858764648438,1312.307861328125,842.7266235351562,1179.024169921875,736.65625,266.5675048828125,212.1407470703125
300,14.454783778767633,107,car,2,0.9025892615318298,0.0,574.0813598632812,527.10546875,811.0602416992188,263.552734375,692.57080078125,527.10546875,236.9788818359375
300,14.454783778767633,113,car,2,0.5412615537643433,611.5369873046875,599.9622802734375,870.8361206054688,744.118408203125,741.1865234375,672.0403442382812,259.29913330078125,144.1561279296875
300,14.454783778767633,112,car,2,0.6705191731452942,869.69677734375,606.3792114257812,1042.050537109375,712.7777709960938,955.8736572265625,659.5784912109375,172.353759765625,106.3985595703125
301,14.502966391363525,14,car,2,0.8493691682815552,1028.4420166015625,629.7999267578125,1292.40283203125,838.8475952148438,1160.42236328125,734.32373046875,263.9608154296875,209.04766845703125
301,14.502966391363525,107,car,2,0.906112551689148,0.0,572.2656860351562,470.14678955078125,824.0388793945312,235.07339477539062,698.1522827148438,470.14678955078125,251.773193359375
301,14.502966391363525,113,car,2,0.5706664323806763,540.7415771484375,599.965576171875,817.1567993164062,752.4810180664062,678.94921875,676.2232666015625,276.41522216796875,152.51544189453125
301,14.502966391363525,112,car,2,0.6785938739776611,819.9961547851562,606.1433715820312,990.5619506835938,711.7106323242188,905.279052734375,658.927001953125,170.5657958984375,105.5672607421875
302,14.551149003959416,14,car,2,0.8538715839385986,1015.398681640625,630.249755859375,1281.2950439453125,840.364501953125,1148.346923828125,735.30712890625,265.8963623046875,210.11474609375
302,14.551149003959416,107,car,2,0.8987131118774414,0.0,568.3320922851562,423.8114929199219,821.5110473632812,211.90574645996094,694.9215698242188,423.8114929199219,253.178955078125
302,14.551149003959416,113,car,2,0.6653779149055481,491.4786682128906,598.32470703125,781.6868286132812,757.3231201171875,636.582763671875,677.8239135742188,290.2081604003906,158.9984130859375
302,14.551149003959416,112,car,2,0.7030873894691467,790.5514526367188,604.8482055664062,960.5123901367188,710.359375,875.5319213867188,657.603759765625,169.9609375,105.51116943359375
303,14.59933161655531,14,car,2,0.8816542029380798,1004.3670043945312,629.6803588867188,1270.12158203125,839.4139404296875,1137.2442626953125,734.547119140625,265.75457763671875,209.73358154296875
303,14.59933161655531,107,car,2,0.8416500091552734,0.0,564.6714477539062,388.98162841796875,822.1015014648438,194.49081420898438,693.386474609375,388.98162841796875,257.4300537109375
303,14.59933161655531,113,car,2,0.6571134924888611,454.76605224609375,597.895263671875,753.7015380859375,760.15234375,604.2337646484375,679.0238037109375,298.93548583984375,162.257080078125
303,14.59933161655531,112,car,2,0.7650142312049866,758.6490478515625,603.7802124023438,935.6204833984375,713.8670043945312,847.134765625,658.8236083984375,176.971435546875,110.0867919921875
304,14.6475142291512,14,car,2,0.8854444026947021,1001.4127807617188,629.7211303710938,1266.06689453125,838.2107543945312,1133.7398681640625,733.9659423828125,264.65411376953125,208.4896240234375
304,14.6475142291512,107,car,2,0.8327348828315735,0.0,563.4534301757812,369.60614013671875,821.8889770507812,184.80307006835938,692.6712036132812,369.60614013671875,258.435546875
304,14.6475142291512,113,car,2,0.6391059160232544,441.54840087890625,597.7285766601562,744.50927734375,760.7064819335938,593.02880859375,679.217529296875,302.96087646484375,162.9779052734375
304,14.6475142291512,112,car,2,0.7485523223876953,747.7543334960938,603.1696166992188,926.8130493164062,714.7723388671875,837.28369140625,658.970947265625,179.0587158203125,111.60272216796875
305,14.695696841747093,14,car,2,0.8802133798599243,982.9452514648438,631.8794555664062,1257.182373046875,848.7845458984375,1120.0638427734375,740.33203125,274.23712158203125,216.90509033203125
305,14.695696841747093,107,car,2,0.7258433699607849,0.0,561.318359375,333.8238525390625,830.9668579101562,166.91192626953125,696.142578125,333.8238525390625,269.64849853515625
305,14.695696841747093,113,car,2,0.7517377138137817,389.53741455078125,595.864013671875,713.965087890625,769.6831665039062,551.751220703125,682.7735595703125,324.42767333984375,173.81915283203125
305,14.695696841747093,112,car,2,0.7216072082519531,718.0177612304688,602.6945190429688,895.0012817382812,712.3705444335938,806.509521484375,657.5325317382812,176.9835205078125,109.676025390625
306,14.743879454342986,14,car,2,0.8499615788459778,972.8729858398438,630.97119140625,1243.5858154296875,845.0535888671875,1108.2293701171875,738.0123901367188,270.71282958984375,214.0823974609375
306,14.743879454342986,113,car,2,0.702054500579834,347.8266906738281,593.583740234375,686.1959838867188,774.5083618164062,517.0113525390625,684.0460205078125,338.3692932128906,180.92462158203125
306,14.743879454342986,112,car,2,0.8062863349914551,690.0462646484375,602.1095581054688,871.4656372070312,714.0733032226562,780.7559814453125,658.0914306640625,181.41937255859375,111.9637451171875
307,14.792062066938877,14,car,2,0.8618614673614502,961.7301025390625,632.7738037109375,1235.29443359375,849.5186157226562,1098.51220703125,741.146240234375,273.5643310546875,216.74481201171875
307,14.792062066938877,113,car,2,0.7407163381576538,305.40240478515625,590.6253662109375,658.9353637695312,779.5555419921875,482.16888427734375,685.0904541015625,353.532958984375,188.93017578125
307,14.792062066938877,112,car,2,0.7444758415222168,663.63623046875,601.8018188476562,849.2045288085938,715.7647094726562,756.42041015625,658.7832641601562,185.56829833984375,113.962890625
308,14.84024467953477,14,car,2,0.8597469925880432,954.222900390625,635.1793212890625,1220.2027587890625,845.40771484375,1087.212890625,740.2935180664062,265.9798583984375,210.2283935546875
308,14.84024467953477,113,car,2,0.763929009437561,266.3559265136719,587.0140991210938,632.554931640625,782.406005859375,449.4554443359375,684.7100830078125,366.1990051269531,195.39190673828125
308,14.84024467953477,112,car,2,0.8003793358802795,635.68603515625,600.9842529296875,827.604736328125,718.0307006835938,731.6453857421875,659.5074462890625,191.918701171875,117.04644775390625
309,14.888427292130661,14,car,2,0.8722013831138611,944.0584716796875,635.4517822265625,1209.0880126953125,844.6583862304688,1076.5732421875,740.0550537109375,265.029541015625,209.20660400390625
309,14.888427292130661,113,car,2,0.7641447186470032,227.14987182617188,584.76171875,607.9950561523438,787.6837768554688,417.57244873046875,686.2227783203125,380.8451843261719,202.92205810546875
309,14.888427292130661,112,car,2,0.771556556224823,608.4585571289062,599.3847045898438,806.043701171875,719.036865234375,707.2510986328125,659.2108154296875,197.58514404296875,119.65216064453125
310,14.936609904726554,14,car,2,0.8534923791885376,937.7991333007812,634.3827514648438,1195.6661376953125,837.0122680664062,1066.732666015625,735.697509765625,257.86700439453125,202.6295166015625
310,14.936609904726554,113,car,2,0.6819961071014404,185.0007781982422,581.7721557617188,581.7567749023438,793.1315307617188,383.3787841796875,687.4518432617188,396.7559814453125,211.359375
310,14.936609904726554,112,car,2,0.8160691857337952,578.6588134765625,597.6959228515625,784.67578125,721.5509643554688,681.6672973632812,659.6234130859375,206.0169677734375,123.85504150390625
311,14.984792517322445,14,car,2,0.857090413570404,929.1994018554688,633.5634155273438,1180.9788818359375,829.9771728515625,1055.089111328125,731.770263671875,251.77947998046875,196.41375732421875
311,14.984792517322445,113,car,2,0.7446906566619873,143.453125,578.5440063476562,554.3092651367188,797.6773071289062,348.8811950683594,688.1106567382812,410.85614013671875,219.13330078125
311,14.984792517322445,112,car,2,0.8231325745582581,552.1050415039062,595.9366455078125,764.4484252929688,722.7545166015625,658.2767333984375,659.3455810546875,212.3433837890625,126.81787109375
312,15.032975129918338,14,car,2,0.86722332239151,919.557373046875,635.5321044921875,1168.005859375,827.8383178710938,1043.7816162109375,731.6851806640625,248.448486328125,192.30621337890625
312,15.032975129918338,113,car,2,0.7915120124816895,100.85453796386719,577.5540161132812,525.7997436523438,804.2805786132812,313.3271484375,690.9172973632812,424.9451904296875,226.7265625
312,15.032975129918338,112,car,2,0.7846179604530334,522.8305053710938,593.3817749023438,743.310546875,724.137451171875,633.070556640625,658.7596435546875,220.48004150390625,130.75567626953125
313,15.08115774251423,14,car,2,0.8778694272041321,904.00634765625,635.35986328125,1157.938232421875,831.160888671875,1030.9722900390625,733.2603759765625,253.931884765625,195.801025390625
313,15.08115774251423,113,car,2,0.7744906544685364,53.77043914794922,573.7457275390625,499.9896545410156,812.527587890625,276.8800354003906,693.1366577148438,446.2192077636719,238.7818603515625
313,15.08115774251423,112,car,2,0.8169697523117065,492.6170959472656,591.7390747070312,723.6212768554688,728.2741088867188,608.1192016601562,660.006591796875,231.00418090820312,136.5350341796875
314,15.129340355110122,14,car,2,0.8964788317680359,894.8578491210938,633.8702392578125,1147.5885009765625,827.6984252929688,1021.22314453125,730.7843017578125,252.73065185546875,193.82818603515625
314,15.129340355110122,113,car,2,0.8663851618766785,8.30549430847168,571.28857421875,468.866455078125,817.9891357421875,238.58596801757812,694.6388549804688,460.56097412109375,246.7005615234375
314,15.129340355110122,112,car,2,0.8058926463127136,462.42645263671875,590.488037109375,700.8043823242188,730.5242919921875,581.6154174804688,660.5061645507812,238.3779296875,140.0362548828125
315,15.177522967706015,14,car,2,0.8893656730651855,880.2821655273438,632.9246826171875,1135.977783203125,828.168701171875,1008.1300048828125,730.5466918945312,255.69561767578125,195.2440185546875
315,15.177522967706015,113,car,2,0.7790850400924683,0.0,566.664306640625,450.8775634765625,826.329345703125,225.43878173828125,696.496826171875,450.8775634765625,259.6650390625
315,15.177522967706015,112,car,2,0.7964726090431213,430.68646240234375,587.9512939453125,677.5458374023438,731.7405395507812,554.1161499023438,659.845947265625,246.859375,143.78924560546875
316,15.225705580301906,14,car,2,0.8895121812820435,869.0521240234375,630.1404418945312,1126.5943603515625,826.5308227539062,997.8232421875,728.3356323242188,257.542236328125,196.390380859375
316,15.225705580301906,113,car,2,0.7580295205116272,0.0,563.3887329101562,433.39208984375,832.3489990234375,216.696044921875,697.868896484375,433.39208984375,268.96026611328125
316,15.225705580301906,112,car,2,0.7700489163398743,398.1826171875,584.84765625,654.4199829101562,733.0465698242188,526.30126953125,658.9471435546875,256.23736572265625,148.19891357421875
317,15.273888192897799,14,car,2,0.8901321291923523,851.0026245117188,629.7658081054688,1108.9937744140625,825.8038330078125,979.9981689453125,727.7847900390625,257.99114990234375,196.03802490234375
317,15.273888192897799,113,car,2,0.8403522372245789,0.0,560.50927734375,409.70623779296875,844.0670166015625,204.85311889648438,702.2881469726562,409.70623779296875,283.5577392578125
317,15.273888192897799,112,car,2,0.7913642525672913,349.15142822265625,581.57080078125,622.5845336914062,739.05419921875,485.86798095703125,660.3125,273.43310546875,157.4833984375
318,15.322070805493691,14,car,2,0.8927711248397827,843.9843139648438,629.2756958007812,1103.404541015625,825.8676147460938,973.6944580078125,727.5716552734375,259.42022705078125,196.5919189453125
318,15.322070805493691,113,car,2,0.8346932530403137,0.0,559.1795654296875,396.18145751953125,848.2321166992188,198.09072875976562,703.705810546875,396.18145751953125,289.05255126953125
318,15.322070805493691,112,car,2,0.7901141047477722,330.1105651855469,580.3191528320312,611.570556640625,741.8477783203125,470.840576171875,661.08349609375,281.4599914550781,161.52862548828125
319,15.370253418089582,14,car,2,0.8873222470283508,836.153564453125,628.8685913085938,1093.44384765625,823.1983642578125,964.7987060546875,726.033447265625,257.290283203125,194.32977294921875
319,15.370253418089582,113,car,2,0.8473763465881348,0.0,556.8167724609375,360.9197082519531,829.314453125,180.45985412597656,693.0656127929688,360.9197082519531,272.4976806640625
319,15.370253418089582,112,car,2,0.7919826507568359,301.0165100097656,579.7820434570312,591.1591186523438,745.295654296875,446.08782958984375,662.538818359375,290.1426086425781,165.51361083984375
320,15.418436030685475,14,car,2,0.8776718974113464,820.39208984375,626.0429077148438,1079.563232421875,821.2979125976562,949.9776611328125,723.67041015625,259.171142578125,195.2550048828125
320,15.418436030685475,113,car,2,0.5736922025680542,0.0,550.1959228515625,318.9789123535156,819.7029418945312,159.4894561767578,684.949462890625,318.9789123535156,269.50701904296875
320,15.418436030685475,112,car,2,0.8034296631813049,248.6000213623047,577.8104858398438,557.839111328125,753.902587890625,403.2195739746094,665.8565673828125,309.23907470703125,176.09210205078125
321,15.466618643281366,14,car,2,0.8696692585945129,808.9667358398438,625.8890380859375,1068.3367919921875,820.53955078125,938.6517333984375,723.2142944335938,259.37005615234375,194.6505126953125
321,15.466618643281366,113,car,2,0.7857099771499634,0.0,549.667236328125,284.6508483886719,823.1273803710938,142.32542419433594,686.3973388671875,284.6508483886719,273.46014404296875
321,15.466618643281366,112,car,2,0.8396044373512268,206.9263458251953,576.1846923828125,530.34033203125,759.5277709960938,368.6333312988281,667.856201171875,323.41400146484375,183.34307861328125
322,15.51480125587726,14,car,2,0.8838255405426025,800.014404296875,626.8726196289062,1057.85205078125,819.3944091796875,928.9332275390625,723.133544921875,257.837646484375,192.52178955078125
322,15.51480125587726,112,car,2,0.8449142575263977,169.95314025878906,575.0611572265625,509.7295227050781,767.2598266601562,339.8413391113281,671.1605224609375,339.7763671875,192.19866943359375
323,15.562983868473152,14,car,2,0.8813620209693909,796.3139038085938,627.0751342773438,1055.257568359375,819.6168212890625,925.7857666015625,723.345947265625,258.94366455078125,192.54168701171875
323,15.562983868473152,112,car,2,0.8444156050682068,156.2462921142578,574.6614990234375,502.6563720703125,770.2294311523438,329.4513244628906,672.4454345703125,346.41009521484375,195.56793212890625
323,15.562983868473152,123,car,2,0.532353401184082,0.0,546.248779296875,128.68032836914062,827.649169921875,64.34016418457031,686.948974609375,128.68032836914062,281.400390625
324,15.611166481069043,14,car,2,0.8827143311500549,773.4782104492188,624.6096801757812,1047.92919921875,828.8014526367188,910.7037353515625,726.70556640625,274.45098876953125,204.1917724609375
324,15.611166481069043,112,car,2,0.9272169470787048,86.34831237792969,572.4752197265625,456.4659423828125,780.639892578125,271.4071350097656,676.5575561523438,370.11761474609375,208.1646728515625
325,15.659349093664936,14,car,2,0.8610923290252686,759.3424072265625,623.529541015625,1040.8548583984375,833.0421142578125,900.0986328125,728.2858276367188,281.512451171875,209.5125732421875
325,15.659349093664936,112,car,2,0.9393548369407654,37.95595169067383,571.7955932617188,428.7615051269531,791.29736328125,233.35873413085938,681.5465087890625,390.8055419921875,219.50177001953125
326,15.707531706260827,14,car,2,0.8628146648406982,747.8700561523438,622.6307983398438,1038.5155029296875,839.5057983398438,893.1927490234375,731.0682983398438,290.64544677734375,216.875
326,15.707531706260827,112,car,2,0.9022489190101624,0.0,568.7698364257812,406.0052490234375,797.6956787109375,203.00262451171875,683.2327880859375,406.0052490234375,228.92584228515625
327,15.75571431885672,14,car,2,0.8637195825576782,718.009765625,620.5598754882812,1040.4710693359375,862.771484375,879.2404174804688,741.6656494140625,322.4613037109375,242.21160888671875
327,15.75571431885672,112,car,2,0.8636174201965332,0.0,560.6648559570312,380.87945556640625,817.1564331054688,190.43972778320312,688.91064453125,380.87945556640625,256.4915771484375
328,15.803896931452611,14,car,2,0.8987007737159729,700.4597778320312,618.388916015625,1040.1827392578125,874.635009765625,870.3212890625,746.511962890625,339.72296142578125,256.24609375
328,15.803896931452611,112,car,2,0.8526138067245483,0.0,554.4719848632812,352.1500549316406,816.3948974609375,176.0750274658203,685.4334716796875,352.1500549316406,261.92291259765625
329,15.852079544048504,14,car,2,0.8838446736335754,685.571533203125,617.9241943359375,1040.254638671875,887.2318725585938,862.9130859375,752.5780029296875,354.68310546875,269.30767822265625
329,15.852079544048504,112,car,2,0.8323081135749817,0.0,548.0769653320312,320.61883544921875,802.7518310546875,160.30941772460938,675.4144287109375,320.61883544921875,254.67486572265625
330,15.900262156644397,14,car,2,0.9042505025863647,649.084716796875,603.309814453125,1038.822509765625,899.6158447265625,843.95361328125,751.4628295898438,389.73779296875,296.3060302734375
330,15.900262156644397,123,car,2,0.6110540628433228,8.930745124816895,532.180419921875,135.2763671875,805.1124877929688,72.10355377197266,668.646484375,126.34561920166016,272.93206787109375
331,15.948444769240288,14,car,2,0.9073255658149719,628.8164672851562,595.6593017578125,1039.9215087890625,907.9279174804688,834.3690185546875,751.7935791015625,411.10504150390625,312.26861572265625
331,15.948444769240288,123,car,2,0.6314585208892822,0.0,542.2657470703125,113.25059509277344,809.8863525390625,56.62529754638672,676.0760498046875,113.25059509277344,267.62060546875
332,15.99662738183618,14,car,2,0.9171891212463379,614.0772094726562,590.3900146484375,1037.9503173828125,910.592041015625,826.0137939453125,750.4910278320312,423.87310791015625,320.2020263671875
332,15.99662738183618,123,car,2,0.5013339519500732,0.0,550.0162963867188,92.45845794677734,814.6287841796875,46.22922897338867,682.322509765625,92.45845794677734,264.61248779296875
333,16.04480999443207,14,car,2,0.9281178116798401,594.0287475585938,583.5792236328125,1033.12109375,910.0690307617188,813.574951171875,746.8240966796875,439.09234619140625,326.48980712890625
334,16.092992607027963,14,car,2,0.9274360537528992,574.5789794921875,582.6538696289062,1033.4044189453125,917.615478515625,803.99169921875,750.1346435546875,458.825439453125,334.96160888671875
335,16.141175219623857,14,car,2,0.928099513053894,564.98486328125,582.377685546875,1035.8223876953125,920.5671997070312,800.4036254882812,751.472412109375,470.8375244140625,338.18951416015625
336,16.18935783221975,14,car,2,0.9260963797569275,547.25244140625,582.9139404296875,1037.0,927.5407104492188,792.126220703125,755.227294921875,489.74755859375,344.62677001953125
337,16.23754044481564,14,car,2,0.8866053819656372,528.6049194335938,585.1065673828125,1021.5247192382812,916.3868408203125,775.0648193359375,750.7467041015625,492.9197998046875,331.2802734375
338,16.285723057411534,14,car,2,0.5653090476989746,506.62286376953125,586.48681640625,1018.3990478515625,913.8095703125,762.510986328125,750.148193359375,511.77618408203125,327.32275390625
339,16.333905670007425,-1,car,2,0.440316379070282,3.5185546875,590.9159545898438,1164.6361083984375,1066.6484375,584.0773315429688,828.7822265625,1161.1175537109375,475.73248291015625
339,16.333905670007425,-1,car,2,0.3981812298297882,13.31524658203125,593.4140014648438,1907.5177001953125,1064.7703857421875,960.41650390625,829.0921630859375,1894.202392578125,471.35638427734375
340,16.382088282603316,125,car,2,0.5697951316833496,12.10355281829834,590.3131103515625,1906.7012939453125,1061.73486328125,959.4024047851562,826.0239868164062,1894.5977783203125,471.4217529296875
341,16.43027089519921,125,car,2,0.7326850891113281,123.42281341552734,629.859375,1857.0062255859375,1060.4600830078125,990.2145385742188,845.1597290039062,1733.5833740234375,430.6007080078125
342,16.478453507795102,125,car,2,0.5882337093353271,0.0,593.6187133789062,1620.1834716796875,1064.73486328125,810.0917358398438,829.1767578125,1620.1834716796875,471.11614990234375
343,16.526636120390993,-1,car,2,0.3666902780532837,280.4359130859375,557.5283203125,1176.4947509765625,1046.82568359375,728.46533203125,802.177001953125,896.058837890625,489.29736328125
344,16.574818732986884,125,car,2,0.4871373176574707,0.0,548.0490112304688,1920.0,1068.457763671875,960.0,808.25341796875,1920.0,520.4087524414062
345,16.62300134558278,125,car,2,0.6405897736549377,0.0,554.9830322265625,1920.0,1070.37646484375,960.0,812.6797485351562,1920.0,515.3934326171875
346,16.67118395817867,125,car,2,0.5840213894844055,0.0,570.2733154296875,1920.0,1070.7252197265625,960.0,820.499267578125,1920.0,500.451904296875
346,16.67118395817867,127,car,2,0.37235742807388306,33.48423385620117,578.3619995117188,1152.3759765625,1068.0343017578125,592.9301147460938,823.1981201171875,1118.8917236328125,489.67230224609375
347,16.71936657077456,125,car,2,0.6876935362815857,7.479526996612549,584.5120849609375,1914.7227783203125,1068.030029296875,961.1011352539062,826.2710571289062,1907.2432861328125,483.5179443359375
348,16.767549183370456,125,car,2,0.6817542910575867,49.98387145996094,606.077880859375,1872.1976318359375,1065.7994384765625,961.0907592773438,835.9386596679688,1822.2137451171875,459.7215576171875
349,16.815731795966347,125,car,2,0.7210871577262878,67.21209716796875,617.5933227539062,1853.9539794921875,1065.8701171875,960.5830078125,841.731689453125,1786.741943359375,448.27679443359375
350,16.863914408562238,125,car,2,0.6782999038696289,68.20751953125,622.9074096679688,1850.5391845703125,1067.7923583984375,959.3733520507812,845.349853515625,1782.3316650390625,444.88494873046875
351,16.91209702115813,125,car,2,0.4509686231613159,75.85287475585938,628.0889892578125,1864.664794921875,1072.714599609375,970.2588500976562,850.4017944335938,1788.8118896484375,444.6256103515625
351,16.91209702115813,14,car,2,0.659038782119751,568.58984375,626.4122924804688,1051.1685791015625,904.5502319335938,809.8792114257812,765.4812622070312,482.5787353515625,278.137939453125
352,16.960279633754023,125,car,2,0.40442782640457153,66.92662811279297,625.381103515625,1878.353271484375,1074.420166015625,972.6399536132812,849.900634765625,1811.4266357421875,449.0390625
352,16.960279633754023,14,car,2,0.6983710527420044,556.2560424804688,620.657958984375,1076.1234130859375,901.9622802734375,816.189697265625,761.3101196289062,519.8673706054688,281.3043212890625
353,17.008462246349914,125,car,2,0.3410685658454895,59.91705322265625,620.6524658203125,1891.9259033203125,1074.0174560546875,975.9215087890625,847.3349609375,1832.0087890625,453.364990234375
353,17.008462246349914,14,car,2,0.6939622759819031,538.6735229492188,615.6473999023438,1096.122314453125,905.9132080078125,817.39794921875,760.7802734375,557.4487915039062,290.26580810546875
354,17.056644858945806,125,car,2,0.3548370599746704,46.381900787353516,613.5082397460938,1910.290283203125,1074.8427734375,978.3361206054688,844.175537109375,1863.9083251953125,461.33453369140625
354,17.056644858945806,14,car,2,0.7120078802108765,520.7828369140625,608.6740112304688,1110.3880615234375,907.9098510742188,815.58544921875,758.2919311523438,589.605224609375,299.23583984375
355,17.1048274715417,14,car,2,0.8553903698921204,502.1349182128906,602.9093017578125,1116.862060546875,908.27734375,809.4984741210938,755.5933227539062,614.7271728515625,305.3680419921875
356,17.15301008413759,14,car,2,0.6105330586433411,478.4696960449219,599.695556640625,1119.4710693359375,909.712158203125,798.9703979492188,754.703857421875,641.0013427734375,310.0166015625
356,17.15301008413759,125,car,2,0.4609411954879761,29.818256378173828,607.4382934570312,1914.1270751953125,1073.554931640625,971.97265625,840.49658203125,1884.308837890625,466.11663818359375
357,17.201192696733482,125,car,2,0.7112666368484497,16.94841194152832,603.90673828125,1908.294921875,1071.796142578125,962.6216430664062,837.8514404296875,1891.3465576171875,467.889404296875
358,17.249375309329373,125,car,2,0.7761023640632629,2.113875389099121,599.9751586914062,1914.975830078125,1073.6572265625,958.5448608398438,836.816162109375,1912.8619384765625,473.68206787109375
359,17.297557921925268,125,car,2,0.5811819434165955,23.773622512817383,607.15478515625,1894.2735595703125,1068.844970703125,959.0236206054688,837.9998779296875,1870.4998779296875,461.690185546875
360,17.34574053452116,125,car,2,0.6798433065414429,21.855663299560547,600.1427612304688,1911.88330078125,1066.7728271484375,966.8695068359375,833.457763671875,1890.027587890625,466.63006591796875
360,17.34574053452116,127,car,2,0.4094361364841461,88.3521728515625,588.052490234375,1211.3966064453125,1068.3310546875,649.8743896484375,828.1917724609375,1123.04443359375,480.278564453125
361,17.39392314711705,125,car,2,0.45315149426460266,0.0,589.3499145507812,1920.0,1074.5020751953125,960.0,831.926025390625,1920.0,485.15216064453125
361,17.39392314711705,127,car,2,0.5298604369163513,58.669639587402344,587.0158081054688,1204.4176025390625,1071.5194091796875,631.5436401367188,829.267578125,1145.7479248046875,484.50360107421875
362,17.442105759712945,125,car,2,0.3009761571884155,36.598106384277344,592.0128173828125,1920.0,1072.299072265625,978.299072265625,832.1559448242188,1883.40185546875,480.2862548828125
362,17.442105759712945,127,car,2,0.3220219016075134,38.47170639038086,589.430419921875,1181.6724853515625,1069.8702392578125,610.0720825195312,829.6503295898438,1143.2008056640625,480.4398193359375
363,17.490288372308836,125,car,2,0.6681727170944214,11.395133972167969,590.3668212890625,1920.0,1070.052001953125,965.6975708007812,830.2094116210938,1908.6048583984375,479.6851806640625
364,17.538470984904727,125,car,2,0.7279499173164368,10.056405067443848,594.783203125,1910.81591796875,1068.7662353515625,960.4361572265625,831.7747192382812,1900.759521484375,473.9830322265625
365,17.58665359750062,125,car,2,0.7405051589012146,11.496601104736328,597.706787109375,1901.9586181640625,1068.52392578125,956.7276000976562,833.1153564453125,1890.4620361328125,470.817138671875
366,17.634836210096513,125,car,2,0.7461237907409668,12.497593879699707,600.2724609375,1899.9202880859375,1069.6378173828125,956.2089233398438,834.9551391601562,1887.4227294921875,469.3653564453125
367,17.683018822692404,125,car,2,0.7430441975593567,12.625953674316406,602.7459106445312,1899.34130859375,1071.345947265625,955.983642578125,837.0458984375,1886.71533203125,468.60003662109375
368,17.731201435288295,125,car,2,0.7995982766151428,11.668510437011719,604.26904296875,1896.89599609375,1071.9700927734375,954.2822265625,838.1195678710938,1885.2275390625,467.7010498046875
369,17.77938404788419,125,car,2,0.7590579986572266,24.32939338684082,610.5570068359375,1884.072998046875,1070.36962890625,954.201171875,840.4633178710938,1859.74365234375,459.8126220703125
370,17.82756666048008,125,car,2,0.7533622980117798,27.436790466308594,612.8131713867188,1880.947265625,1069.6954345703125,954.1920166015625,841.2542724609375,1853.510498046875,456.88226318359375
371,17.87574927307597,125,car,2,0.7121301293373108,40.16619110107422,616.1624755859375,1878.0283203125,1067.4024658203125,959.0972290039062,841.782470703125,1837.8621826171875,451.239990234375
372,17.923931885671866,125,car,2,0.7784225344657898,41.46435546875,619.486328125,1877.5562744140625,1068.6839599609375,959.5103149414062,844.0851440429688,1836.0919189453125,449.1976318359375
373,17.972114498267757,125,car,2,0.7497041821479797,24.704713821411133,622.1309204101562,1883.531005859375,1076.1097412109375,954.1178588867188,849.120361328125,1858.8262939453125,453.97882080078125
374,18.02029711086365,125,car,2,0.6871013045310974,32.75298309326172,621.0018920898438,1881.2310791015625,1070.970458984375,956.9920043945312,845.9862060546875,1848.4781494140625,449.96856689453125
375,18.06847972345954,125,car,2,0.6750953793525696,36.17996597290039,621.0027465820312,1880.14990234375,1068.409423828125,958.1649169921875,844.7060546875,1843.969970703125,447.40667724609375
376,18.116662336055434,125,car,2,0.6926925778388977,34.625755310058594,620.5444946289062,1882.64892578125,1067.7110595703125,958.6373291015625,844.1278076171875,1848.023193359375,447.16656494140625
377,18.164844948651325,125,car,2,0.6900283694267273,15.429675102233887,614.8262329101562,1898.432861328125,1070.545654296875,956.9312744140625,842.6859130859375,1883.003173828125,455.71942138671875
378,18.213027561247216,125,car,2,0.7170209884643555,18.895427703857422,613.8460693359375,1900.340087890625,1068.642578125,959.6177368164062,841.2443237304688,1881.4447021484375,454.7965087890625
379,18.26121017384311,125,car,2,0.7530110478401184,5.3328142166137695,611.200927734375,1905.7371826171875,1070.828125,955.5349731445312,841.0145263671875,1900.4044189453125,459.627197265625
380,18.309392786439002,125,car,2,0.6829870343208313,0.8557989597320557,609.787841796875,1906.894287109375,1070.986083984375,953.8750610351562,840.386962890625,1906.0384521484375,461.1982421875
381,18.357575399034893,125,car,2,0.7447919249534607,2.444598436355591,612.2100219726562,1902.747314453125,1071.9075927734375,952.595947265625,842.058837890625,1900.302734375,459.69757080078125
382,18.405758011630784,125,car,2,0.6827369332313538,18.44671630859375,614.7809448242188,1898.5263671875,1068.764892578125,958.486572265625,841.77294921875,1880.07958984375,453.98394775390625
383,18.45394062422668,125,car,2,0.6619179248809814,24.895618438720703,616.458251953125,1896.604736328125,1067.594970703125,960.7501831054688,842.026611328125,1871.7091064453125,451.13671875
384,18.50212323682257,125,car,2,0.6328476071357727,26.21469497680664,616.6404418945312,1898.8377685546875,1067.3333740234375,962.5262451171875,841.9869384765625,1872.623046875,450.69293212890625
385,18.55030584941846,125,car,2,0.7303344011306763,11.073880195617676,614.4103393554688,1903.9449462890625,1070.018798828125,957.5093994140625,842.214599609375,1892.87109375,455.60845947265625
386,18.598488462014355,125,car,2,0.721003532409668,5.781553745269775,614.4677124023438,1903.038818359375,1071.08740234375,954.41015625,842.777587890625,1897.25732421875,456.61968994140625
387,18.646671074610246,125,car,2,0.7111702561378479,3.0857858657836914,614.4185791015625,1903.69873046875,1071.8369140625,953.3922729492188,843.1277465820312,1900.6129150390625,457.4183349609375
388,18.694853687206137,125,car,2,0.7139965295791626,1.9072376489639282,613.9143676757812,1903.8809814453125,1071.6866455078125,952.8941040039062,842.800537109375,1901.9737548828125,457.77227783203125
389,18.743036299802032,125,car,2,0.7479395270347595,4.019584655761719,614.3174438476562,1903.602294921875,1071.3636474609375,953.8109130859375,842.840576171875,1899.582763671875,457.04620361328125
390,18.791218912397923,125,car,2,0.7747763395309448,3.953572988510132,614.02978515625,1903.6846923828125,1071.0130615234375,953.8191528320312,842.5214233398438,1899.7310791015625,456.9832763671875
391,18.839401524993814,125,car,2,0.7659335732460022,4.125594615936279,613.9628295898438,1903.7265625,1070.8026123046875,953.9260864257812,842.3826904296875,1899.6009521484375,456.83978271484375
392,18.887584137589705,125,car,2,0.754582941532135,4.279684066772461,614.1533813476562,1902.798095703125,1070.614990234375,953.5388793945312,842.3841552734375,1898.5184326171875,456.46160888671875
393,18.9357667501856,125,car,2,0.7496129274368286,4.002992630004883,613.7202758789062,1903.33251953125,1070.3060302734375,953.6677856445312,842.01318359375,1899.3294677734375,456.58575439453125
394,18.98394936278149,125,car,2,0.76478511095047,3.448653221130371,613.7804565429688,1904.3709716796875,1070.726806640625,953.9097900390625,842.253662109375,1900.92236328125,456.94635009765625
395,19.032131975377382,125,car,2,0.7713785767555237,3.8408865928649902,614.2793579101562,1903.4794921875,1070.836669921875,953.6602172851562,842.5579833984375,1899.6385498046875,456.55731201171875
396,19.080314587973277,125,car,2,0.7525796294212341,3.911583423614502,614.503173828125,1902.7581787109375,1070.7789306640625,953.3348999023438,842.6410522460938,1898.8465576171875,456.2757568359375
397,19.128497200569168,125,car,2,0.7537637948989868,3.4081249237060547,614.23876953125,1902.768798828125,1070.598388671875,953.0884399414062,842.4185791015625,1899.3607177734375,456.359619140625
398,19.17667981316506,125,car,2,0.72788006067276,2.9047446250915527,614.5004272460938,1902.9791259765625,1071.0245361328125,952.9419555664062,842.762451171875,1900.0743408203125,456.52410888671875
399,19.22486242576095,125,car,2,0.7560996413230896,3.7826738357543945,614.4921264648438,1902.377685546875,1070.5677490234375,953.0802001953125,842.5299072265625,1898.594970703125,456.07562255859375
400,19.273045038356845,125,car,2,0.7486553192138672,2.6183927059173584,614.4041748046875,1901.4539794921875,1070.49267578125,952.0361938476562,842.4484252929688,1898.8355712890625,456.0885009765625
401,19.321227650952736,125,car,2,0.7371785044670105,0.267652302980423,614.50244140625,1901.5787353515625,1071.2393798828125,950.9232177734375,842.8709106445312,1901.31103515625,456.7369384765625
402,19.369410263548627,125,car,2,0.7570754289627075,0.0,614.3290405273438,1902.712158203125,1071.4700927734375,951.3560791015625,842.8995361328125,1902.712158203125,457.14105224609375
403,19.41759287614452,125,car,2,0.7789906859397888,0.9374358057975769,614.6486206054688,1901.0152587890625,1071.08251953125,950.976318359375,842.8656005859375,1900.077880859375,456.43389892578125
404,19.465775488740412,125,car,2,0.7654536366462708,0.40018516778945923,614.483154296875,1902.5511474609375,1071.5433349609375,951.4756469726562,843.0132446289062,1902.1510009765625,457.0601806640625
405,19.513958101336303,125,car,2,0.7649328112602234,0.0,613.9335327148438,1902.1763916015625,1071.0992431640625,951.0881958007812,842.516357421875,1902.1763916015625,457.16571044921875
406,19.562140713932195,125,car,2,0.74515300989151,12.521488189697266,614.930908203125,1901.38623046875,1068.4849853515625,956.953857421875,841.7079467773438,1888.86474609375,453.5540771484375
407,19.61032332652809,125,car,2,0.7794256210327148,3.3309268951416016,614.0836791992188,1903.859619140625,1070.5408935546875,953.5952758789062,842.312255859375,1900.5286865234375,456.45721435546875
408,19.65850593912398,125,car,2,0.7798469066619873,0.0,613.615478515625,1905.0272216796875,1071.49365234375,952.5136108398438,842.5545654296875,1905.0272216796875,457.878173828125
409,19.70668855171987,125,car,2,0.7785513401031494,0.0,613.341064453125,1905.9444580078125,1072.0303955078125,952.9722290039062,842.6857299804688,1905.9444580078125,458.6893310546875
410,19.754871164315766,125,car,2,0.7644752860069275,0.0,613.29833984375,1905.766845703125,1072.026123046875,952.8834228515625,842.6622314453125,1905.766845703125,458.727783203125
411,19.803053776911657,125,car,2,0.748347818851471,0.0,613.6228637695312,1904.5789794921875,1071.837890625,952.2894897460938,842.7303466796875,1904.5789794921875,458.21502685546875
412,19.851236389507548,125,car,2,0.7489202618598938,0.0,613.7243041992188,1905.044189453125,1072.1337890625,952.5220947265625,842.9290771484375,1905.044189453125,458.40948486328125
413,19.899419002103443,125,car,2,0.7325634360313416,0.0,613.4057006835938,1906.3123779296875,1072.5654296875,953.1561889648438,842.985595703125,1906.3123779296875,459.15972900390625
414,19.947601614699334,125,car,2,0.7421017289161682,0.0,613.3900756835938,1906.54443359375,1072.7391357421875,953.272216796875,843.0645751953125,1906.54443359375,459.34906005859375
415,19.995784227295225,125,car,2,0.7288666367530823,0.3325681984424591,613.3131713867188,1907.655517578125,1072.75927734375,953.9940185546875,843.0362548828125,1907.322998046875,459.44610595703125
416,20.043966839891116,125,car,2,0.6632511615753174,14.909550666809082,615.0411376953125,1903.9755859375,1069.56201171875,959.4425659179688,842.3015747070312,1889.0660400390625,454.5208740234375
417,20.09214945248701,125,car,2,0.6672996878623962,19.50580596923828,615.552001953125,1902.8094482421875,1068.239990234375,961.1576538085938,841.89599609375,1883.3035888671875,452.68798828125
418,20.1403320650829,125,car,2,0.6943411231040955,5.8705854415893555,613.2315063476562,1909.1192626953125,1071.0858154296875,957.4949340820312,842.15869140625,1903.2486572265625,457.85430908203125
419,20.188514677678793,125,car,2,0.7043079137802124,1.0861698389053345,612.4130249023438,1910.41943359375,1072.0465087890625,955.7528076171875,842.229736328125,1909.333251953125,459.63348388671875
420,20.236697290274687,125,car,2,0.7051317095756531,0.0,611.9129638671875,1911.81201171875,1072.8153076171875,955.906005859375,842.3641357421875,1911.81201171875,460.90234375
421,20.28487990287058,125,car,2,0.6843536496162415,0.0,612.204345703125,1913.3353271484375,1075.2049560546875,956.6676635742188,843.7046508789062,1913.3353271484375,463.0006103515625
422,20.33306251546647,125,car,2,0.710430383682251,0.0,612.3899536132812,1910.04736328125,1073.904052734375,955.023681640625,843.14697265625,1910.04736328125,461.51409912109375
423,20.38124512806236,125,car,2,0.7108992338180542,0.0,612.2838134765625,1908.6983642578125,1073.324462890625,954.3491821289062,842.8041381835938,1908.6983642578125,461.0406494140625
424,20.429427740658255,125,car,2,0.7184304594993591,1.6535139083862305,613.6129150390625,1905.6412353515625,1073.2821044921875,953.6473999023438,843.447509765625,1903.9876708984375,459.669189453125
425,20.477610353254146,125,car,2,0.7022414207458496,3.4082887172698975,614.1578979492188,1904.6756591796875,1073.128662109375,954.0419921875,843.643310546875,1901.267333984375,458.97076416015625
426,20.525792965850037,125,car,2,0.6880655288696289,0.0,614.8848876953125,1905.3544921875,1075.45166015625,952.67724609375,845.1682739257812,1905.3544921875,460.5667724609375
427,20.573975578445932,125,car,2,0.6741209030151367,0.0,615.29931640625,1904.493408203125,1076.265380859375,952.2467041015625,845.7823486328125,1904.493408203125,460.966064453125
428,20.622158191041823,125,car,2,0.682806134223938,0.0,615.2844848632812,1904.1309814453125,1076.59033203125,952.0654907226562,845.9373779296875,1904.1309814453125,461.30584716796875
429,20.670340803637714,125,car,2,0.689969003200531,0.0,615.5416870117188,1902.5506591796875,1076.4873046875,951.2753295898438,846.0145263671875,1902.5506591796875,460.94561767578125
430,20.718523416233605,125,car,2,0.6896235346794128,0.0,615.5802612304688,1901.2750244140625,1076.45458984375,950.6375122070312,846.0174560546875,1901.2750244140625,460.87432861328125
431,20.7667060288295,125,car,2,0.7095213532447815,16.27626609802246,616.20947265625,1897.37548828125,1071.0408935546875,956.8258666992188,843.6251831054688,1881.0992431640625,454.8314208984375
432,20.81488864142539,125,car,2,0.7018821239471436,21.80523681640625,616.2271118164062,1897.30078125,1069.0408935546875,959.552978515625,842.634033203125,1875.49560546875,452.81378173828125
433,20.863071254021282,125,car,2,0.7154462933540344,23.598867416381836,616.4173583984375,1897.7757568359375,1068.2794189453125,960.6873168945312,842.348388671875,1874.1768798828125,451.862060546875
434,20.911253866617177,125,car,2,0.7305144667625427,9.629294395446777,614.4285278320312,1904.3209228515625,1071.456298828125,956.97509765625,842.9423828125,1894.691650390625,457.02777099609375
435,20.959436479213068,125,car,2,0.7490363121032715,4.198235988616943,613.846923828125,1908.1231689453125,1073.31787109375,956.1607055664062,843.5823974609375,1903.9249267578125,459.470947265625
436,21.00761909180896,125,car,2,0.7285844683647156,15.589853286743164,615.3936157226562,1903.359619140625,1070.337890625,959.4747314453125,842.86572265625,1887.769775390625,454.94427490234375
437,21.055801704404853,125,car,2,0.7009336352348328,19.90091896057129,616.2463989257812,1901.925537109375,1069.2181396484375,960.9132080078125,842.7322998046875,1882.024658203125,452.97174072265625
438,21.103984317000744,125,car,2,0.6910327076911926,20.468643188476562,616.6228637695312,1902.3118896484375,1069.0496826171875,961.3902587890625,842.8363037109375,1881.84326171875,452.42681884765625
439,21.152166929596635,125,car,2,0.6987252831459045,20.34333038330078,616.95751953125,1902.8607177734375,1069.066162109375,961.60205078125,843.0118408203125,1882.517333984375,452.108642578125
440,21.200349542192527,125,car,2,0.6967179179191589,20.033981323242188,617.2138061523438,1903.3846435546875,1069.0606689453125,961.7092895507812,843.13720703125,1883.3507080078125,451.84686279296875
441,21.24853215478842,125,car,2,0.6944809556007385,19.21412467956543,617.276611328125,1904.5126953125,1069.1793212890625,961.8634033203125,843.2279663085938,1885.298583984375,451.9027099609375
442,21.296714767384312,125,car,2,0.703637957572937,17.8415470123291,616.9844360351562,1906.043701171875,1069.2529296875,961.942626953125,843.11865234375,1888.2021484375,452.26849365234375
443,21.344897379980203,125,car,2,0.7109116315841675,16.807952880859375,616.8546142578125,1906.972900390625,1069.29931640625,961.8904418945312,843.0769653320312,1890.1649169921875,452.4447021484375
444,21.393079992576098,125,car,2,0.7077060341835022,16.13574981689453,616.843994140625,1907.382080078125,1069.277587890625,961.7589111328125,843.060791015625,1891.246337890625,452.43359375
445,21.44126260517199,125,car,2,0.6926403641700745,15.443010330200195,616.6142578125,1908.0439453125,1069.114013671875,961.7434692382812,842.8641357421875,1892.6009521484375,452.499755859375
446,21.48944521776788,125,car,2,0.7174211740493774,15.052425384521484,616.762451171875,1908.1051025390625,1069.111328125,961.5787353515625,842.9368896484375,1893.052734375,452.348876953125
447,21.53762783036377,125,car,2,0.7010421752929688,14.371292114257812,616.6796264648438,1908.466552734375,1069.0726318359375,961.4189453125,842.8760986328125,1894.09521484375,452.39300537109375
